"geo","year","gdp_pps_hab","gdp_eur_hab","income_pps_hab","unemp_rate","life_exp","tertiary_pct"
"AT11",2008,20100,22100,18700,4.2,80,14.1
"AT11",2009,20100,22400,18500,5,80.9,15.1
"AT11",2010,21100,23400,18700,4,80.9,14.8
"AT11",2011,22000,24500,18600,3.8,81.2,14.8
"AT11",2012,23000,25400,19700,4.6,80.6,13.9
"AT11",2013,23400,25800,19200,4.3,81.1,15.8
"AT11",2014,23800,26600,19500,4.8,81.3,25.7
"AT11",2015,25100,27900,20000,5.2,81.1,28.5
"AT11",2016,25500,28500,20400,5.7,81.3,27.9
"AT11",2017,26100,29500,20800,5.2,81.4,28
"AT11",2018,26700,30100,21300,4.2,81.4,28.4
"AT11",2019,27200,30800,21400,3.6,81.8,30.7
"AT11",2020,26100,29700,21800,4.2,81.8,33.1
"AT11",2021,28100,31800,23200,5.1,81.5,31.4
"AT11",2022,31000,34500,25400,4.3,81.4,31.4
"AT11",2023,33200,37500,26100,5.2,82.1,33.2
"AT11",2024,34400,39000,28000,4.9,81.8,34.7
"AT12",2008,26100,28700,19500,3.7,80,16.1
"AT12",2009,25100,28100,19400,4.7,80.1,17.6
"AT12",2010,25800,28700,19700,3.9,80.5,17.9
"AT12",2011,26900,30000,19700,4.5,80.8,17.2
"AT12",2012,28000,30800,20400,4.6,80.6,17.2
"AT12",2013,28200,31100,20100,5,81,17.6
"AT12",2014,28600,31900,20300,5.1,81,29.1
"AT12",2015,29500,32700,20500,5.2,80.9,30.3
"AT12",2016,30200,33700,21000,5.2,81.2,30.2
"AT12",2017,30900,34900,21000,4.8,81.5,32
"AT12",2018,32000,36100,21700,3.8,81.4,31.9
"AT12",2019,33100,37600,21700,4,81.6,32.4
"AT12",2020,30800,35100,22000,4.2,81.2,33
"AT12",2021,33100,37400,23500,5.1,80.7,33.9
"AT12",2022,36600,40700,25700,4,81.2,34.1
"AT12",2023,38300,43300,26500,4.3,81.5,36
"AT12",2024,39300,44500,28300,4.2,81.8,38
"AT13",2008,41000,45100,19500,7.3,79.9,24.1
"AT13",2009,39900,44500,19400,8.8,79.4,26
"AT13",2010,40800,45400,19300,8.3,79.6,27.3
"AT13",2011,41600,46400,19200,8.1,80.1,26.6
"AT13",2012,42400,46700,19600,8.9,80.1,27.5
"AT13",2013,42300,46700,19100,9.3,80.1,30.6
"AT13",2014,42000,46900,19000,10.2,80.3,39.1
"AT13",2015,42700,47500,19100,10.6,80.3,39.3
"AT13",2016,43600,48800,19300,11.3,80.7,39.9
"AT13",2017,43200,48800,19200,10.4,80.8,42.1
"AT13",2018,44900,50700,19600,10,80.6,42.3
"AT13",2019,45600,51800,19700,9.3,81.1,42.9
"AT13",2020,43800,50000,19700,10.7,80.3,42.7
"AT13",2021,47700,53800,20900,12.1,80.2,44.5
"AT13",2022,50800,56500,23000,9.2,80.4,45.6
"AT13",2023,53400,60200,23700,9.6,81,46.3
"AT13",2024,54600,61900,25300,9.4,81.2,46.5
"AT21",2008,27700,30500,18100,3.6,81,16.2
"AT21",2009,26100,29100,18000,4.6,80.8,17.2
"AT21",2010,27000,30000,18100,4.3,81,16.6
"AT21",2011,28300,31600,18100,4.3,81.4,16.3
"AT21",2012,29200,32100,18900,5,81.2,17.2
"AT21",2013,29200,32200,18600,5.5,81.7,17.3
"AT21",2014,30100,33500,18800,6,81.5,28.8
"AT21",2015,30500,33900,19000,6.1,81.2,28.3
"AT21",2016,30800,34500,19400,5.4,81.6,29.4
"AT21",2017,31800,35900,19700,4.8,81.8,29.7
"AT21",2018,33300,37500,20200,4.1,81.5,30.6
"AT21",2019,34100,38700,20300,3.8,82.1,30.8
"AT21",2020,33000,37700,20600,4.7,81.5,32.1
"AT21",2021,35500,40100,22000,5.6,81.5,33.6
"AT21",2022,40500,45100,24200,4.5,81.4,33.3
"AT21",2023,44000,49700,25100,4.5,81.9,33.8
"AT21",2024,43800,49600,26900,4.3,82.3,35.4
"AT22",2008,28600,31500,18400,3.8,80.6,15.6
"AT22",2009,27400,30600,18200,5,80.6,16.6
"AT22",2010,28100,31300,18400,4.5,81,15.5
"AT22",2011,29600,33000,18400,3.6,81.4,16.8
"AT22",2012,31000,34200,19100,4,81.5,17.9
"AT22",2013,30800,34100,18800,4.7,81.8,17.5
"AT22",2014,31500,35100,19000,5,81.7,25.7
"AT22",2015,32100,35700,19300,4.7,81.2,26.7
"AT22",2016,33100,37000,19700,5.1,81.9,27.4
"AT22",2017,34300,38700,20000,4.5,81.7,27.8
"AT22",2018,35100,39600,20600,4,82.1,28.7
"AT22",2019,36200,41100,20700,3.2,82.1,30.1
"AT22",2020,34400,39300,21000,4.4,81.2,31.1
"AT22",2021,36900,41700,22400,4.3,81.8,30.2
"AT22",2022,41000,45700,24800,3.7,81.6,32.2
"AT22",2023,42800,48300,25500,4.3,81.9,33.1
"AT22",2024,44400,50300,27500,4.4,82.4,33.6
"AT31",2008,32400,35700,19000,2.7,81,16.6
"AT31",2009,30800,34400,18800,4.2,80.8,16.4
"AT31",2010,31700,35300,18900,3.9,81,17.3
"AT31",2011,33600,37500,19000,3.4,81.5,16.9
"AT31",2012,34700,38200,19700,3.3,81.5,17.2
"AT31",2013,35400,39000,19400,4.3,81.4,17.2
"AT31",2014,35800,39900,19600,4.1,81.8,26.7
"AT31",2015,36900,41000,19800,4.1,81.4,27.5
"AT31",2016,37400,41800,20200,4.5,82.1,29.1
"AT31",2017,38300,43200,20400,4,81.9,29.2
"AT31",2018,39900,45000,21000,3.2,82.1,29
"AT31",2019,40800,46300,21200,2.9,82.2,31.8
"AT31",2020,39100,44600,21300,3.9,81.7,31.1
"AT31",2021,42000,47400,22700,3.8,81.5,30.5
"AT31",2022,45800,51000,25000,2.9,81.8,32.4
"AT31",2023,47200,53200,25800,3.5,82.1,33.1
"AT31",2024,47500,53800,27600,3.8,82.4,33.8
"AT32",2008,36100,39800,19000,2.8,81.9,17.8
"AT32",2009,34800,38900,18900,3.6,81.4,19.4
"AT32",2010,36800,40900,18900,3.2,81.6,19.5
"AT32",2011,38200,42600,19000,2.9,81.9,19.8
"AT32",2012,40100,44200,19800,2.9,82.1,20.5
"AT32",2013,39600,43800,19600,3.2,82.2,21.8
"AT32",2014,39900,44400,19700,3.5,82.3,29.8
"AT32",2015,41400,46000,20000,3.5,82.2,30.2
"AT32",2016,42600,47700,20500,3.4,82.5,31.5
"AT32",2017,43300,48800,20700,3.1,82.3,31.2
"AT32",2018,44800,50500,21200,2.8,82.7,32.3
"AT32",2019,45900,52200,21300,2.4,82.7,32.8
"AT32",2020,44000,50200,21300,3,82.2,32.5
"AT32",2021,46400,52400,22400,4.6,81.8,33.6
"AT32",2022,54500,60700,25100,3,82.3,33.2
"AT32",2023,56200,63400,26200,3,82.6,36.1
"AT32",2024,58100,65800,28000,3.4,83,34.7
"AT33",2008,31900,35100,18200,2.6,81.8,16.7
"AT33",2009,31300,35000,18100,3.3,81.6,17
"AT33",2010,32100,35700,18100,3.2,81.9,17.1
"AT33",2011,33300,37200,18200,2.7,82.3,18.8
"AT33",2012,35000,38500,19000,2.8,82.2,19.5
"AT33",2013,35600,39300,18900,3.1,82.4,19.1
"AT33",2014,35700,39800,18900,3.2,82.5,27
"AT33",2015,37300,41400,19200,3,82.2,26.4
"AT33",2016,37900,42400,19700,3.5,82.5,28.2
"AT33",2017,38600,43600,19900,3.3,83,29
"AT33",2018,40100,45300,20400,2.4,82.8,29.9
"AT33",2019,41200,46800,20600,2.1,82.8,29.9
"AT33",2020,38500,44000,20600,3.1,82.3,31.9
"AT33",2021,39400,44500,21900,4.8,82.7,31.4
"AT33",2022,46300,51600,24500,3.2,82.5,31.9
"AT33",2023,49000,55200,25500,3.1,83.1,32.2
"AT33",2024,50900,57700,27400,3.1,83.3,33.3
"AT34",2008,32700,36000,19200,4.2,81.6,16.2
"AT34",2009,31800,35500,19100,5.6,81.7,16.6
"AT34",2010,32500,36200,19100,4.6,82,15.5
"AT34",2011,34200,38200,19300,4.1,82.5,16.8
"AT34",2012,35200,38700,20300,4,82.2,18.4
"AT34",2013,36400,40200,20200,3.6,82.3,19
"AT34",2014,37300,41500,20300,3.4,82.6,25.6
"AT34",2015,39800,44300,20800,3.5,82.2,26.5
"AT34",2016,39200,43900,21200,3.4,82.4,27.7
"AT34",2017,40400,45500,21200,3.7,82.2,28.1
"AT34",2018,43100,48700,21600,3.3,82.7,27.6
"AT34",2019,41700,47300,21900,3.2,83,28.4
"AT34",2020,40000,45600,22000,3.6,82.4,29.2
"AT34",2021,45500,51400,23200,4.1,82.6,28.6
"AT34",2022,53200,59200,25400,3.2,82.2,29.9
"AT34",2023,48500,54700,26100,3.4,83,29.4
"AT34",2024,49900,56500,27700,4.1,82.9,30.6
"BE10",2008,55300,61800,15700,16,79.6,40.4
"BE10",2009,53900,60700,15400,15.7,79.9,42.4
"BE10",2010,56000,61900,15300,17.3,80.2,42.1
"BE10",2011,55400,61900,15200,17,80.8,42.4
"BE10",2012,56600,63000,15400,17.4,80.1,42.7
"BE10",2013,56200,62700,15400,19.2,80.6,41.5
"BE10",2014,57500,64200,15500,18.3,80.9,43.5
"BE10",2015,58800,65400,15600,17.3,80.8,43.4
"BE10",2016,58700,66000,15800,16.8,81.2,44.1
"BE10",2017,60200,68000,16200,14.9,81.1,46.6
"BE10",2018,61000,68900,16700,13.2,81.5,47.5
"BE10",2019,63300,71700,17500,12.6,81.6,47.1
"BE10",2020,60700,68000,18000,12.3,79.6,49.3
"BE10",2021,64600,72900,18600,12.4,81.2,52.2
"BE10",2022,68900,77900,19700,11.4,81.6,53.5
"BE10",2023,73100,82300,21400,10.6,82.1,53.8
"BE10",2024,76000,85300,21800,11.8,82.1,53.7
"BE21",2008,34800,38900,17300,4.6,80.6,32.2
"BE21",2009,33200,37300,17200,5.7,80.9,32
"BE21",2010,34900,38600,17400,6.1,81.1,35.2
"BE21",2011,35800,40000,17600,5.7,81.6,33.5
"BE21",2012,36500,40700,17900,5.3,81.1,35.3
"BE21",2013,36900,41300,17900,6.2,81.5,35.4
"BE21",2014,37700,42100,18100,6.1,81.9,38.1
"BE21",2015,38900,43300,18300,6.1,81.8,37.6
"BE21",2016,39600,44500,18500,6.1,82,34.9
"BE21",2017,40500,45700,18800,5.9,82.1,38.2
"BE21",2018,41800,47300,19300,4.4,82.3,40
"BE21",2019,43200,48900,20000,3.6,82.7,40
"BE21",2020,42500,47600,20500,4,81.9,41
"BE21",2021,45400,51300,21100,5.2,82.6,43.5
"BE21",2022,51000,57700,22600,4,82.6,47.1
"BE21",2023,53600,60400,24600,3.6,83.3,46.1
"BE21",2024,54100,60700,25300,4.6,83.3,46.1
"BE22",2008,24400,27300,16200,4.4,80.9,27.8
"BE22",2009,22600,25400,16200,5.4,81.2,28.6
"BE22",2010,23900,26400,16400,5.3,81.5,29.3
"BE22",2011,24800,27600,16900,4.6,81.7,28.8
"BE22",2012,25000,27800,17000,4.7,81.6,30.7
"BE22",2013,25400,28400,17100,5.5,82.1,28.7
"BE22",2014,26100,29100,17500,5.6,82.2,31.1
"BE22",2015,26300,29300,17600,6,82.1,32.1
"BE22",2016,26800,30200,17600,4.8,82.5,32.9
"BE22",2017,27800,31400,18000,4.1,82.7,35.4
"BE22",2018,28700,32500,18500,3.8,82.7,35.8
"BE22",2019,29600,33500,19200,3.6,82.9,36.7
"BE22",2020,28800,32300,19600,3.6,82.1,37.7
"BE22",2021,31300,35400,20300,3.4,82.8,39.2
"BE22",2022,34800,39300,21700,3.5,82.5,43.7
"BE22",2023,36700,41300,23400,3.2,83.2,42.2
"BE22",2024,37500,42200,24200,3.8,83.4,38.5
"BE23",2008,26200,29300,17800,3.6,80.2,31.5
"BE23",2009,26000,29200,17800,4.2,80.4,33.8
"BE23",2010,27200,30100,17800,5.3,80.8,34.7
"BE23",2011,28100,31300,18200,3.8,81,35.1
"BE23",2012,28400,31600,18600,4.1,80.9,34.9
"BE23",2013,28900,32300,18600,4,81.1,37.3
"BE23",2014,29400,32800,18900,4.3,81.7,36.7
"BE23",2015,30500,33900,19000,4.4,81.3,37.5
"BE23",2016,31000,34800,19200,4.2,81.8,39.6
"BE23",2017,32100,36200,19600,3.4,81.9,42.6
"BE23",2018,32700,37000,20100,2.7,82.1,42.8
"BE23",2019,33800,38200,20800,2.9,82.3,41.5
"BE23",2020,33100,37100,21200,2.7,81.8,44.1
"BE23",2021,36500,41200,21900,2.8,82.4,50
"BE23",2022,40400,45700,23600,2,82.5,49.6
"BE23",2023,42800,48200,25800,2.9,82.7,46.8
"BE23",2024,44100,49500,26400,3.4,83,48.5
"BE24",2008,30800,34400,19600,4.2,81.3,40.8
"BE24",2009,31000,34900,19200,4.9,81.5,44.2
"BE24",2010,32100,35500,19300,4.9,81.7,44.6
"BE24",2011,32900,36800,19600,3.5,82.1,42.1
"BE24",2012,34100,38000,19900,4.4,81.9,43.6
"BE24",2013,34400,38400,19900,5.5,82,44.3
"BE24",2014,34800,38900,20200,5,82.2,45.8
"BE24",2015,35900,39900,20300,5.1,82.2,44.7
"BE24",2016,36800,41400,20400,4.8,82.6,47.3
"BE24",2017,37500,42300,20800,4.7,82.7,50.7
"BE24",2018,38500,43500,21300,3.6,82.7,48.7
"BE24",2019,39900,45100,22000,3.6,83,49.2
"BE24",2020,38100,42700,22300,3.9,82.5,51.4
"BE24",2021,42700,48200,23100,4,83.3,53.2
"BE24",2022,44700,50600,24700,3.6,83.1,51.6
"BE24",2023,49500,55700,27100,4.2,83.8,50
"BE24",2024,50900,57100,27600,4.2,83.9,51
"BE25",2008,27800,31100,17200,2.7,80.6,29.9
"BE25",2009,26900,30300,17400,4.3,80.9,29.5
"BE25",2010,28600,31600,17600,3.8,81.1,30.2
"BE25",2011,29400,32800,18000,3.2,81.6,31.6
"BE25",2012,30000,33400,18300,3.9,81.6,32.1
"BE25",2013,30500,34100,18500,3.9,81.5,32.8
"BE25",2014,31500,35100,18800,4.2,81.9,33
"BE25",2015,32000,35600,19000,4.2,81.7,32.8
"BE25",2016,32800,36900,19000,3.7,82.3,35.2
"BE25",2017,33600,38000,19400,3.2,82.1,37.4
"BE25",2018,34400,38900,20000,2.6,82.3,37.3
"BE25",2019,35700,40400,20700,2.5,82.9,37.3
"BE25",2020,35000,39300,21000,3.3,81.9,38.7
"BE25",2021,38100,43000,21700,3.6,82.6,39.5
"BE25",2022,42000,47500,23700,2.7,82.5,39.8
"BE25",2023,45600,51300,26100,2.8,83.1,40
"BE25",2024,46700,52400,26700,2.7,83.1,39.1
"BE31",2008,30800,34500,18100,6.5,80.1,47
"BE31",2009,31000,34900,18100,6.9,80.9,48.6
"BE31",2010,35300,39100,18300,8.4,81.1,49.5
"BE31",2011,33300,37100,18900,6.7,81.3,55.7
"BE31",2012,34600,38600,19400,7,81,51.2
"BE31",2013,35700,39900,19300,8.2,82,51.2
"BE31",2014,37000,41300,19500,8.9,81.5,51.9
"BE31",2015,37000,41100,19400,7.9,81.6,54.1
"BE31",2016,38800,43600,19500,7.9,82.2,52.2
"BE31",2017,40200,45400,19900,7.6,82,57.1
"BE31",2018,44800,50600,20700,6.9,82.5,58.4
"BE31",2019,49600,56100,21300,5.5,82.7,55.7
"BE31",2020,48800,54700,22000,6.2,81.9,59.7
"BE31",2021,46800,52800,22800,6.8,82.9,59.7
"BE31",2022,54900,62100,24200,5.5,82.7,60.7
"BE31",2023,60600,68200,26100,5.7,83.2,62
"BE31",2024,61900,69500,26800,6.8,83.1,63.6
"BE32",2008,19200,21500,14300,11.7,77.5,24.5
"BE32",2009,18300,20500,14400,13.2,77.8,24
"BE32",2010,19400,21400,14500,13.9,78,28.8
"BE32",2011,19900,22200,14900,11.7,78.2,26.1
"BE32",2012,20000,22300,15200,12.1,78.2,27.2
"BE32",2013,20000,22300,15300,13.3,78.3,28
"BE32",2014,20500,22900,15400,14.4,78.7,28.1
"BE32",2015,20900,23300,15400,13.3,78.5,27.2
"BE32",2016,21100,23700,15400,11.8,78.7,30
"BE32",2017,21500,24300,15800,11.4,79.3,31.1
"BE32",2018,22400,25300,16200,10,79,31.4
"BE32",2019,22900,25900,16800,8.6,79.5,32
"BE32",2020,22200,24800,17400,8.3,78.1,32.4
"BE32",2021,24000,27100,17800,10.3,78.9,33.5
"BE32",2022,26300,29700,18900,10.5,79.2,34.2
"BE32",2023,27800,31300,20300,9.3,79.8,34.3
"BE32",2024,28800,32300,20800,8.7,80,34.5
"BE33",2008,21500,24000,14600,10.5,78.6,29
"BE33",2009,21500,24300,15000,12.1,78.8,30.4
"BE33",2010,22400,24700,15100,11.5,78.9,31.4
"BE33",2011,23100,25800,15400,9.5,79,32.3
"BE33",2012,23500,26100,15700,10.7,79.2,31.6
"BE33",2013,23800,26500,15700,11.7,79.4,31.9
"BE33",2014,24100,26900,15900,12.3,79.7,33.1
"BE33",2015,24300,27000,16000,12.9,79.3,33.9
"BE33",2016,24500,27600,16100,11.1,79.9,33.4
"BE33",2017,25300,28600,16400,10.5,79.8,35.6
"BE33",2018,26200,29600,16800,8.2,79.9,35.9
"BE33",2019,27000,30500,17500,6.7,80.4,37.5
"BE33",2020,26000,29200,18000,7.8,78.7,39.7
"BE33",2021,28300,31900,18600,9.4,80,42.4
"BE33",2022,31300,35400,19800,8.3,80,41.5
"BE33",2023,33300,37500,21300,9.1,80.8,38.6
"BE33",2024,34200,38400,21900,7,80.7,40.7
"BE34",2008,19300,21600,15000,7.7,78.1,30.9
"BE34",2009,18500,20800,15300,7.4,78.8,32.3
"BE34",2010,19200,21300,15400,7.5,78.9,32.2
"BE34",2011,19500,21700,15700,6.2,79.4,31
"BE34",2012,19800,22000,16000,7.6,79.4,33.8
"BE34",2013,19900,22200,16200,7.9,79.2,31.4
"BE34",2014,20100,22500,16400,8.5,80.1,35.1
"BE34",2015,20400,22800,16700,9.3,79.8,36.9
"BE34",2016,20700,23300,16600,7.8,79.7,35.1
"BE34",2017,21200,24000,17300,6.7,80.1,37.1
"BE34",2018,22000,24800,17700,5.4,80.5,38.8
"BE34",2019,22600,25600,18400,5.4,80.4,40.7
"BE34",2020,22100,24700,19000,5.1,80,42.5
"BE34",2021,24300,27400,19600,5.6,80.2,44.6
"BE34",2022,26900,30400,21300,4.8,80.1,42.1
"BE34",2023,28100,31700,22800,6.5,80.7,40.4
"BE34",2024,28900,32500,23600,5.4,80.6,41.8
"BE35",2008,20400,22800,14900,8.8,78.1,29.3
"BE35",2009,19800,22200,15100,9.4,78.7,31.5
"BE35",2010,21100,23300,15300,9.6,78.8,33.1
"BE35",2011,21300,23800,15700,8,79.2,33.2
"BE35",2012,21800,24300,16100,7.3,78.7,34.3
"BE35",2013,22100,24600,16100,10.4,78.7,33.5
"BE35",2014,22200,24800,16300,8.9,79.2,36.7
"BE35",2015,22400,25000,16400,10.9,79.2,35.3
"BE35",2016,22900,25700,16400,9.7,79.5,34.9
"BE35",2017,23200,26200,16900,7.4,79.5,40.2
"BE35",2018,24000,27100,17200,8.5,79.8,39.2
"BE35",2019,24400,27600,17800,7,80.2,37.7
"BE35",2020,24000,26900,18500,6.1,79.3,40.8
"BE35",2021,26100,29500,19000,7.6,79.9,42.8
"BE35",2022,28700,32500,20200,7.2,80.2,43.3
"BE35",2023,30900,34800,21700,6.6,80.8,44.1
"BE35",2024,31900,35800,22300,6.8,80.9,42.9
"BG31",2008,7100,3200,4700,7.1,72.6,17.4
"BG31",2009,6600,3100,4600,8,72.9,17.1
"BG31",2010,6800,3100,4400,11.2,72.7,18.5
"BG31",2011,7400,3600,4800,12.8,73,18.2
"BG31",2012,7600,3600,4800,12.3,72.9,18.7
"BG31",2013,7600,3700,5300,14,73.7,19.4
"BG31",2014,8200,3900,5600,14.2,72.8,20.6
"BG31",2015,8200,4000,5700,12.1,73.3,21.5
"BG31",2016,8600,4200,5900,10.6,73,19.9
"BG31",2017,9400,4800,6000,11.3,73.2,19.9
"BG31",2018,10500,5400,7000,11.3,73.3,20.6
"BG31",2019,10400,5500,7200,10.6,73.5,19.3
"BG31",2020,11100,6000,7500,12.7,71.8,20.8
"BG31",2021,13000,7200,8600,10.9,69.5,19.8
"BG31",2022,14900,8800,9200,6.8,72.3,18.8
"BG31",2023,16200,9800,10300,7.8,73.9,21
"BG31",2024,16700,10300,NA,9.7,73.9,26.3
"BG32",2008,7500,3400,5000,8.5,73.2,20.2
"BG32",2009,7100,3300,4800,8.4,73.2,20.5
"BG32",2010,7300,3300,4700,11.6,73.3,19.7
"BG32",2011,7900,3800,5500,12.8,73.7,20.1
"BG32",2012,8400,4000,5500,14.4,73.8,20.8
"BG32",2013,8700,4200,5800,15.3,74.3,22
"BG32",2014,9400,4400,5900,13.2,73.8,22.7
"BG32",2015,9600,4600,6500,10.6,73.9,23.5
"BG32",2016,10000,4900,6900,9.3,74.1,24.4
"BG32",2017,10600,5400,7400,6.9,73.9,23
"BG32",2018,11300,5800,8000,6.7,74,25.2
"BG32",2019,11900,6300,8300,5.1,74.1,26.6
"BG32",2020,12000,6500,8100,5.7,72.3,26.3
"BG32",2021,13800,7700,8600,6.7,70,26.6
"BG32",2022,14900,8900,9800,5.8,73,26.3
"BG32",2023,16700,10100,11000,6,75.1,26.4
"BG32",2024,17300,10700,NA,5.3,74.9,30.8
"BG33",2008,9500,4200,5000,8.7,72.5,20.5
"BG33",2009,8700,4100,5000,10.4,73.2,21.2
"BG33",2010,9000,4100,4900,14.6,73.1,21.5
"BG33",2011,9600,4600,5600,15.4,73.9,22.3
"BG33",2012,10100,4800,6000,18.3,74,22.5
"BG33",2013,10200,4900,6300,16.8,74.6,25.2
"BG33",2014,11000,5200,6700,12.7,74.1,27
"BG33",2015,11400,5500,7000,10.3,74.1,25.4
"BG33",2016,11900,5800,6900,9.8,74.4,25.5
"BG33",2017,12600,6300,7000,9.4,74.3,26.9
"BG33",2018,13500,6900,8100,7.4,74.2,25.3
"BG33",2019,14100,7500,8100,5.9,74.4,23.2
"BG33",2020,13800,7500,8100,6,72.9,23.3
"BG33",2021,15500,8600,9000,5.9,70.6,25.9
"BG33",2022,17300,10300,10200,5.3,73.9,28.7
"BG33",2023,19000,11500,11400,4.5,75.5,30.3
"BG33",2024,20200,12500,NA,4,75.4,35.9
"BG34",2008,9000,4000,5400,5.8,72.5,17.3
"BG34",2009,8800,4100,5300,6.6,72.9,16.9
"BG34",2010,9200,4200,5200,10.5,72.6,17.4
"BG34",2011,9500,4600,6200,11.5,73.4,19.1
"BG34",2012,10200,4900,5900,12,73.9,19.6
"BG34",2013,10300,5000,6100,13,74.5,20.5
"BG34",2014,11100,5300,6100,11.9,73.8,20.9
"BG34",2015,11300,5500,6500,10.4,74.1,21.9
"BG34",2016,12800,6300,6800,7.9,74.1,21.8
"BG34",2017,13500,6800,7400,7,74,21.7
"BG34",2018,13400,6900,8200,5.4,74,21.5
"BG34",2019,13200,7000,7900,3.9,74,21.3
"BG34",2020,12300,6700,8000,4.5,72.8,22.9
"BG34",2021,15400,8600,8700,5.5,70.6,22.7
"BG34",2022,20800,12400,9300,4.4,73.5,21.8
"BG34",2023,20700,12500,10500,4.6,75,22.9
"BG34",2024,22600,13900,NA,4.9,75.7,27.9
"BG41",2008,18200,8100,7400,2.9,74.3,33.6
"BG41",2009,17700,8300,7500,4.1,74.5,33.7
"BG41",2010,19000,8700,8000,6.9,75,33.6
"BG41",2011,19500,9400,8500,7.5,75.2,32.8
"BG41",2012,19700,9400,9100,8.2,75.3,33
"BG41",2013,19600,9500,9600,9.8,75.7,35.1
"BG41",2014,20500,9700,10300,8.9,75.3,37.5
"BG41",2015,21900,10500,10700,6.7,75.6,38.6
"BG41",2016,23000,11300,11600,5.4,75.7,39.4
"BG41",2017,24300,12200,12400,3.3,75.7,39.2
"BG41",2018,25700,13200,13400,2.6,75.8,39.8
"BG41",2019,28500,15100,14000,2.2,76,39.5
"BG41",2020,28500,15400,13000,3.5,74.5,42.7
"BG41",2021,32200,17900,13900,3.4,72.3,43.1
"BG41",2022,34900,20800,16600,3.1,75.3,43.2
"BG41",2023,38800,23500,19200,3.5,76.8,41.8
"BG41",2024,42600,26300,NA,2.8,77,42.9
"BG42",2008,7600,3400,5200,5.1,73.7,17.5
"BG42",2009,7400,3500,5100,7.3,74.3,18.1
"BG42",2010,7800,3600,5000,11.5,74.5,19
"BG42",2011,8200,3900,5800,12.9,74.6,19.1
"BG42",2012,8600,4100,5700,13.8,74.9,19.3
"BG42",2013,8600,4100,5900,13.5,75.4,20.5
"BG42",2014,8700,4100,6300,12,74.9,21.4
"BG42",2015,9600,4600,6400,9.3,74.6,21.5
"BG42",2016,10100,4900,6900,7.1,75.1,21.5
"BG42",2017,10700,5400,7100,5.3,75,22.2
"BG42",2018,11500,5900,7900,4.2,75.2,22.7
"BG42",2019,12300,6500,8100,3,75.2,22.5
"BG42",2020,12700,6900,7700,3.4,73.6,22
"BG42",2021,13100,7300,8800,3.9,71.8,22.6
"BG42",2022,15300,9100,10200,2.9,74.5,22.8
"BG42",2023,15700,9500,11300,3.1,76.1,24.9
"BG42",2024,17300,10700,NA,2.9,76.1,27.7
"CH01",2008,NA,NA,NA,4.6,82.4,36.6
"CH01",2009,NA,NA,NA,5.9,82.4,37.8
"CH01",2010,NA,NA,NA,7.2,82.9,36.8
"CH01",2011,NA,NA,NA,7.1,83.3,37.4
"CH01",2012,NA,NA,NA,7.1,83.2,37.6
"CH01",2013,NA,NA,NA,7.4,83.2,37.8
"CH01",2014,NA,NA,NA,7.5,83.6,38.7
"CH01",2015,NA,NA,NA,7.5,83.2,39.2
"CH01",2016,NA,NA,NA,7.6,83.8,40.9
"CH01",2017,NA,NA,NA,7.9,83.6,42.2
"CH01",2018,NA,NA,NA,7.5,83.9,43.6
"CH01",2019,NA,NA,NA,7.5,84.2,43.7
"CH01",2020,NA,NA,NA,7.7,82.9,43.5
"CH01",2021,NA,NA,NA,7.6,84.4,43.7
"CH01",2022,NA,NA,NA,6.6,83.8,43.5
"CH01",2023,NA,NA,NA,6.7,84.5,45.2
"CH01",2024,NA,NA,NA,7.3,84.6,45.9
"CH02",2008,NA,NA,NA,3.3,82.2,31.1
"CH02",2009,NA,NA,NA,3.7,82.1,31.4
"CH02",2010,NA,NA,NA,4.6,82.3,31.7
"CH02",2011,NA,NA,NA,3.8,82.3,31.2
"CH02",2012,NA,NA,NA,3.9,82.4,33.1
"CH02",2013,NA,NA,NA,4.2,82.5,35.3
"CH02",2014,NA,NA,NA,4.5,82.7,36.3
"CH02",2015,NA,NA,NA,4.4,82.5,37.5
"CH02",2016,NA,NA,NA,4.6,82.9,37.7
"CH02",2017,NA,NA,NA,4.2,82.9,39.4
"CH02",2018,NA,NA,NA,4.3,83.1,39.7
"CH02",2019,NA,NA,NA,3.8,83.5,40.4
"CH02",2020,NA,NA,NA,4.3,82.9,41.5
"CH02",2021,NA,NA,NA,4.4,83.4,41.1
"CH02",2022,NA,NA,NA,3.8,83.1,40.8
"CH02",2023,NA,NA,NA,3.5,83.6,41.8
"CH02",2024,NA,NA,NA,4,83.8,42.1
"CH03",2008,NA,NA,NA,3.1,82.4,34.8
"CH03",2009,NA,NA,NA,4.5,82.2,35.7
"CH03",2010,NA,NA,NA,4.7,82.5,34.2
"CH03",2011,NA,NA,NA,4.3,82.8,33.7
"CH03",2012,NA,NA,NA,4.5,82.9,35.4
"CH03",2013,NA,NA,NA,4.4,82.9,39.1
"CH03",2014,NA,NA,NA,4.6,83,39.7
"CH03",2015,NA,NA,NA,4.3,82.7,40.6
"CH03",2016,NA,NA,NA,5,83.3,41.7
"CH03",2017,NA,NA,NA,4.4,83.5,43.1
"CH03",2018,NA,NA,NA,4.3,83.6,44.6
"CH03",2019,NA,NA,NA,3.5,83.7,45.9
"CH03",2020,NA,NA,NA,4.8,83.4,46.7
"CH03",2021,NA,NA,NA,4.8,83.6,45.1
"CH03",2022,NA,NA,NA,4.1,83.7,44.8
"CH03",2023,NA,NA,NA,3.9,84.1,46.2
"CH03",2024,NA,NA,NA,4.3,84.1,46.1
"CH04",2008,NA,NA,NA,3.2,82.3,38.6
"CH04",2009,NA,NA,NA,3.8,82.6,40.8
"CH04",2010,NA,NA,NA,4.4,82.7,39
"CH04",2011,NA,NA,NA,4,83,40.6
"CH04",2012,NA,NA,NA,3.8,83,42.5
"CH04",2013,NA,NA,NA,4.4,83,45.1
"CH04",2014,NA,NA,NA,4.1,83.1,45.8
"CH04",2015,NA,NA,NA,4.1,83,48.4
"CH04",2016,NA,NA,NA,3.9,83.6,50.8
"CH04",2017,NA,NA,NA,4.5,83.5,51.6
"CH04",2018,NA,NA,NA,4.3,83.7,52.4
"CH04",2019,NA,NA,NA,4,83.8,54.3
"CH04",2020,NA,NA,NA,4.3,83.4,55.9
"CH04",2021,NA,NA,NA,4.7,83.6,55.6
"CH04",2022,NA,NA,NA,3.7,83.7,55.2
"CH04",2023,NA,NA,NA,3.4,84.2,56.8
"CH04",2024,NA,NA,NA,3.8,84.2,57.5
"CH05",2008,NA,NA,NA,2.7,81.9,28.8
"CH05",2009,NA,NA,NA,3.4,82.2,30.8
"CH05",2010,NA,NA,NA,3.8,82.3,29.8
"CH05",2011,NA,NA,NA,3.6,82.6,29.1
"CH05",2012,NA,NA,NA,3.5,82.3,29.3
"CH05",2013,NA,NA,NA,3.9,82.7,31.4
"CH05",2014,NA,NA,NA,3.5,82.6,33.2
"CH05",2015,NA,NA,NA,4,82.8,34.2
"CH05",2016,NA,NA,NA,4,83.2,35.2
"CH05",2017,NA,NA,NA,3.8,83.3,36.4
"CH05",2018,NA,NA,NA,3.6,83.3,38.2
"CH05",2019,NA,NA,NA,3.5,83.4,39.1
"CH05",2020,NA,NA,NA,3.9,82.6,40.1
"CH05",2021,NA,NA,NA,4,82.9,39.6
"CH05",2022,NA,NA,NA,3,83,39.2
"CH05",2023,NA,NA,NA,3.1,83.7,40.1
"CH05",2024,NA,NA,NA,2.8,83.9,39.7
"CH06",2008,NA,NA,NA,2.3,82.3,32
"CH06",2009,NA,NA,NA,2.7,82.2,34.6
"CH06",2010,NA,NA,NA,3.2,82.8,31.8
"CH06",2011,NA,NA,NA,2.6,83,31.5
"CH06",2012,NA,NA,NA,2.9,83.1,33.6
"CH06",2013,NA,NA,NA,2.9,83.2,35.5
"CH06",2014,NA,NA,NA,3.7,83.2,36.5
"CH06",2015,NA,NA,NA,3.4,83,37.6
"CH06",2016,NA,NA,NA,3.4,83.7,41.9
"CH06",2017,NA,NA,NA,2.9,83.8,43.3
"CH06",2018,NA,NA,NA,2.9,83.7,44.3
"CH06",2019,NA,NA,NA,2.7,84.1,42.9
"CH06",2020,NA,NA,NA,2.9,83.6,43.8
"CH06",2021,NA,NA,NA,3.2,83.7,44.6
"CH06",2022,NA,NA,NA,2.3,83.6,44.1
"CH06",2023,NA,NA,NA,2.7,84.2,45.7
"CH06",2024,NA,NA,NA,2.5,84.6,47.1
"CH07",2008,NA,NA,NA,5,83.8,29.2
"CH07",2009,NA,NA,NA,5.1,83.7,30
"CH07",2010,NA,NA,NA,5.9,83.3,27.5
"CH07",2011,NA,NA,NA,6,84,27.9
"CH07",2012,NA,NA,NA,7.5,83.8,29
"CH07",2013,NA,NA,NA,7.8,83.8,31.3
"CH07",2014,NA,NA,NA,7.2,84.2,33.2
"CH07",2015,NA,NA,NA,6.9,83.5,36.8
"CH07",2016,NA,NA,NA,6.9,84.6,35.8
"CH07",2017,NA,NA,NA,6.1,84.2,38
"CH07",2018,NA,NA,NA,6.7,84.8,41.1
"CH07",2019,NA,NA,NA,6.9,84.7,40
"CH07",2020,NA,NA,NA,6.6,82.9,40.6
"CH07",2021,NA,NA,NA,8,85.1,39.2
"CH07",2022,NA,NA,NA,6.1,84.3,39.5
"CH07",2023,NA,NA,NA,6.5,84.9,41.9
"CH07",2024,NA,NA,NA,6.7,85.2,43.1
"CY00",2008,27000,24200,17300,3.7,80.6,34.5
"CY00",2009,25600,23100,16600,5.4,81,34.1
"CY00",2010,25400,23500,16200,6.3,81.5,35.7
"CY00",2011,24900,23300,16000,7.9,81.2,37.7
"CY00",2012,23600,22600,15300,11.9,81.1,39.3
"CY00",2013,22000,20900,14700,15.9,82.5,39.3
"CY00",2014,21400,20300,13800,16.1,82.3,40.3
"CY00",2015,22600,20800,14100,15,81.9,40.5
"CY00",2016,24500,21900,15300,13,82.8,41.9
"CY00",2017,25900,23200,16000,11.1,82.4,42.5
"CY00",2018,27300,24700,16800,8.4,83,44.1
"CY00",2019,28900,26100,18200,7.2,82.6,44.6
"CY00",2020,27200,24600,18200,7.6,82.7,45
"CY00",2021,30400,27800,18400,7.2,81.8,47
"CY00",2022,34500,31600,19000,6.3,82.2,48
"CY00",2023,37400,33900,20400,5.8,83,50.7
"CY00",2024,39500,35700,21900,4.9,83.5,51.4
"CZ01",2008,48400,34800,13800,1.9,78.8,30.8
"CZ01",2009,46300,31600,14000,3.1,79.1,30.3
"CZ01",2010,47800,34100,14700,3.8,79.3,34.7
"CZ01",2011,47700,34700,14800,3.6,79.7,37.5
"CZ01",2012,47500,34000,14600,3.1,79.7,37.5
"CZ01",2013,49300,33600,14900,3.1,80.1,38.4
"CZ01",2014,51500,33200,15600,2.5,80.1,40.3
"CZ01",2015,54100,35700,15600,2.8,80.1,40.5
"CZ01",2016,56100,37500,15900,2.2,80.4,43.3
"CZ01",2017,59400,40800,18100,1.7,80.7,45.6
"CZ01",2018,63100,44900,18800,1.3,80.7,46.4
"CZ01",2019,66300,48000,18800,1.3,80.9,45.5
"CZ01",2020,64400,46300,18700,2.3,80.3,45.9
"CZ01",2021,68500,52600,20100,2.3,79.2,49.8
"CZ01",2022,72200,59400,20500,1.6,80.7,51.5
"CZ01",2023,75700,63500,21900,2.1,81.4,53.2
"CZ01",2024,76600,62400,23800,1.8,81.9,52.5
"CZ02",2008,20500,14800,13700,2.6,77.1,12.7
"CZ02",2009,19200,13100,11500,4.4,77.2,13.8
"CZ02",2010,19200,13700,12100,5.2,77.7,15.3
"CZ02",2011,20200,14700,12200,5.1,77.9,16.9
"CZ02",2012,20200,14500,12900,4.6,78,18.6
"CZ02",2013,20300,13900,12600,5.2,78.2,19.9
"CZ02",2014,21700,13900,13000,5.1,78.8,21.7
"CZ02",2015,22600,14900,13100,3.5,78.7,21.6
"CZ02",2016,23800,15900,13900,3.1,79.1,21.4
"CZ02",2017,25500,17500,14400,2.1,79,21.9
"CZ02",2018,26100,18500,15300,2,78.9,23.6
"CZ02",2019,28300,20500,16000,1.3,79.3,23.2
"CZ02",2020,26400,19000,15100,1.9,78.5,24.2
"CZ02",2021,27400,21100,15900,2.5,77.4,25.6
"CZ02",2022,28900,23800,17400,1.2,79.3,24.9
"CZ02",2023,31500,26400,18800,1.7,79.8,25.1
"CZ02",2024,33400,27200,19400,1.3,80.2,23.2
"CZ03",2008,18200,13100,10200,3.1,77.3,12.7
"CZ03",2009,18100,12300,10300,5.2,77.6,14.1
"CZ03",2010,18400,13100,10400,5.6,77.9,14
"CZ03",2011,18800,13700,10600,5.3,78.1,15.1
"CZ03",2012,18700,13400,10700,5.3,78.3,17
"CZ03",2013,19500,13300,10900,5.2,78.4,18
"CZ03",2014,20400,13100,11500,5.5,78.9,17.6
"CZ03",2015,21100,13900,11800,3.9,78.4,18.7
"CZ03",2016,21700,14500,11900,3.1,79.1,19.1
"CZ03",2017,23400,16100,12700,2.1,79,20
"CZ03",2018,24300,17300,13100,1.5,79.1,20.1
"CZ03",2019,25300,18300,13700,1.5,79.4,20.3
"CZ03",2020,24800,17800,13900,2,78.6,19.8
"CZ03",2021,25600,19700,14400,2.4,77.4,21.6
"CZ03",2022,27000,22200,15300,1.7,79.1,21.7
"CZ03",2023,29400,24600,16700,1.9,80,24.1
"CZ03",2024,30100,24500,17300,2.3,80.3,24.1
"CZ04",2008,16100,11600,9000,7.9,75.6,6.8
"CZ04",2009,16200,11100,9400,10.3,75.6,8.4
"CZ04",2010,15800,11300,9500,11.1,75.8,9
"CZ04",2011,16000,11700,9700,9.5,76.3,9.9
"CZ04",2012,16000,11500,9500,10.7,76.5,11.9
"CZ04",2013,16300,11100,9600,9.6,76.4,12.5
"CZ04",2014,16800,10800,10100,8.7,77,14.3
"CZ04",2015,17700,11700,10300,7.3,76.8,13.4
"CZ04",2016,17700,11900,10700,5.2,77.1,14.2
"CZ04",2017,18900,13000,11300,3.4,77.1,14.3
"CZ04",2018,19300,13800,11900,3.4,77.1,13.9
"CZ04",2019,20600,14900,12600,3,77.6,15.2
"CZ04",2020,19700,14200,12900,4,76.4,13.7
"CZ04",2021,20400,15700,12900,4.3,75,15.1
"CZ04",2022,22400,18500,14000,3.3,77.2,15.6
"CZ04",2023,23800,20000,15400,4.1,78,16.7
"CZ04",2024,24400,19900,15700,4.1,78.3,17.3
"CZ05",2008,17200,12400,9700,4,77.7,11.7
"CZ05",2009,16700,11400,10000,7.3,77.9,12.8
"CZ05",2010,17000,12200,10200,7,78.1,13.5
"CZ05",2011,17600,12800,10200,6.6,78.2,14.8
"CZ05",2012,17300,12400,10400,8,78.3,15
"CZ05",2013,18000,12300,10500,8.3,78.6,16.8
"CZ05",2014,19000,12200,11100,6.4,79.1,17.9
"CZ05",2015,19900,13100,11300,5.2,79,18.2
"CZ05",2016,20700,13900,11600,4,79.4,18.9
"CZ05",2017,22500,15500,12300,2.8,79.4,20.3
"CZ05",2018,23400,16700,12900,2,79.3,20.6
"CZ05",2019,24600,17800,13700,1.7,79.6,20.1
"CZ05",2020,24300,17500,13600,2.3,78.8,20.5
"CZ05",2021,24600,18900,13800,2.4,77.4,20.9
"CZ05",2022,25800,21200,15000,2.2,79.3,22.9
"CZ05",2023,28400,23800,16400,2.8,80.2,21.2
"CZ05",2024,29900,24300,16800,2.9,80.4,22
"CZ06",2008,19400,14000,10000,4.1,78.2,15.4
"CZ06",2009,18700,12800,10200,6.5,78.1,16.9
"CZ06",2010,19100,13600,10600,7.5,78.5,17.6
"CZ06",2011,19700,14400,10600,7.2,78.8,19.2
"CZ06",2012,19900,14300,10700,7.6,78.8,20.8
"CZ06",2013,20900,14200,11100,6.8,79.1,22.6
"CZ06",2014,21500,13800,11600,6,79.5,23.3
"CZ06",2015,22400,14800,11900,4.9,79.4,24.3
"CZ06",2016,22900,15300,12100,3.7,79.8,25.6
"CZ06",2017,24400,16800,12800,3.1,79.6,25.5
"CZ06",2018,25800,18300,13400,2.3,79.6,25.8
"CZ06",2019,27200,19700,14300,1.9,79.8,26
"CZ06",2020,27300,19600,14300,2.3,78.8,27.7
"CZ06",2021,28700,22100,14600,2.4,78.1,27.7
"CZ06",2022,30100,24800,15800,1.7,79.5,27.2
"CZ06",2023,32800,27500,17200,2.2,80.5,28.2
"CZ06",2024,33500,27300,17600,2.4,80.6,29.3
"CZ07",2008,16700,12000,9500,4.9,77.3,13
"CZ07",2009,16100,11000,9600,7.5,77.2,12.8
"CZ07",2010,16400,11700,9700,8.8,77.6,13.6
"CZ07",2011,17100,12500,10000,7.6,77.9,15.7
"CZ07",2012,17100,12300,10100,7.5,78.2,15.9
"CZ07",2013,17700,12000,10200,8,78.1,16.2
"CZ07",2014,18900,12100,10700,6.9,78.7,18.7
"CZ07",2015,19700,13000,11000,5.3,78.4,20.1
"CZ07",2016,20400,13600,11100,3.9,78.8,19.1
"CZ07",2017,22000,15100,11800,3.3,78.8,19.7
"CZ07",2018,22700,16200,12400,2.2,79,19.5
"CZ07",2019,24100,17400,12900,2.2,79.2,20
"CZ07",2020,23600,17000,13100,2.5,77.8,22.3
"CZ07",2021,24400,18800,13400,2.2,77.2,24.5
"CZ07",2022,25900,21300,14700,2.8,79,24
"CZ07",2023,28300,23700,16200,2.5,79.8,22.3
"CZ07",2024,29600,24100,16300,2.6,79.9,23.3
"CZ08",2008,17600,12700,9400,7.4,76,11.9
"CZ08",2009,16600,11300,9600,9.7,76.2,14.1
"CZ08",2010,17100,12200,9700,10.2,76.4,15.4
"CZ08",2011,18100,13200,9900,9.3,76.5,15.4
"CZ08",2012,18200,13100,9900,9.5,77,16.2
"CZ08",2013,18100,12300,10000,9.9,77.1,17.6
"CZ08",2014,19300,12400,10600,8.6,77.5,16.7
"CZ08",2015,20000,13200,10700,8.2,77.4,18.8
"CZ08",2016,20700,13900,11000,6.9,77.9,19.8
"CZ08",2017,21900,15000,11600,4.7,77.7,21.6
"CZ08",2018,23100,16400,12300,3.7,77.9,21.1
"CZ08",2019,23300,16900,12800,3.7,77.9,20.3
"CZ08",2020,22300,16000,12900,3.6,76.8,21.1
"CZ08",2021,23600,18100,13200,4.6,75.8,22.5
"CZ08",2022,25400,20900,14400,4,77.6,22.4
"CZ08",2023,27000,22600,15800,3.9,78.5,22
"CZ08",2024,28400,23100,16000,4.1,78.7,24.1
"DE11",2008,38800,41000,NA,4.3,81.5,28.3
"DE11",2009,35000,37500,NA,5.3,81.8,30.3
"DE11",2010,39000,41500,NA,5,81.8,30.3
"DE11",2011,41500,44000,NA,3.7,81.9,30.8
"DE11",2012,42300,45100,21700,3.4,81.9,31.8
"DE11",2013,42900,46100,21700,3.7,82,32.5
"DE11",2014,44300,47500,22300,3.1,82.2,30.8
"DE11",2015,45900,49700,22500,3.4,81.7,32.4
"DE11",2016,46600,50500,23000,3.3,82,33.1
"DE11",2017,49000,53100,24000,3,82.1,32.6
"DE11",2018,50800,55100,24600,2.3,82.1,32.7
"DE11",2019,49900,55100,24700,2.4,82.4,34.3
"DE11",2020,48100,53200,24200,3.5,82.2,34.7
"DE11",2021,52800,58500,25100,3.1,82.1,35.5
"DE11",2022,56800,63300,26900,2.8,81.8,36.2
"DE11",2023,59900,67300,28200,2.9,82.3,37
"DE11",2024,61300,68500,NA,3.2,82.3,38
"DE12",2008,35200,37200,NA,4.9,81.3,27.3
"DE12",2009,32800,35200,NA,5.6,81.1,29.3
"DE12",2010,35100,37400,NA,5.2,81.4,29.1
"DE12",2011,36800,39000,NA,4.2,81.3,30.6
"DE12",2012,36800,39300,20500,4,81.5,31.1
"DE12",2013,37100,39800,20400,3.6,81.6,31
"DE12",2014,38300,41000,20900,3.5,81.6,29.9
"DE12",2015,39100,42300,21100,3.3,81.3,31.2
"DE12",2016,39700,43000,21500,3.1,81.4,32.2
"DE12",2017,41300,44700,22100,3.3,81.5,31.4
"DE12",2018,42600,46200,23200,3,81.6,31.2
"DE12",2019,43000,47400,23300,2.8,81.7,33
"DE12",2020,41100,45400,23100,3.5,81.7,34.5
"DE12",2021,43500,48200,23800,3.4,81.5,34.2
"DE12",2022,46600,51900,25400,3.2,81.5,36.2
"DE12",2023,48200,54100,26700,2.9,81.7,37
"DE12",2024,49600,55400,NA,3.2,82.2,37.4
"DE13",2008,29400,31100,NA,3.8,81.5,25.9
"DE13",2009,27400,29400,NA,4.4,81.7,27.2
"DE13",2010,29500,31300,NA,3.9,82,26.8
"DE13",2011,31400,33300,NA,3,81.9,27.9
"DE13",2012,31500,33600,20500,2.9,81.9,28.8
"DE13",2013,32200,34500,20600,2.9,81.8,29.7
"DE13",2014,33600,36000,21200,3,81.9,27
"DE13",2015,33800,36600,21700,2.5,81.7,27.7
"DE13",2016,34500,37300,22200,3,81.8,29
"DE13",2017,35800,38800,22800,2.9,82,28.9
"DE13",2018,36900,40000,23900,2.6,82.1,29.5
"DE13",2019,37400,41200,23800,2.2,82.2,30.9
"DE13",2020,35700,39500,23700,2.7,82.1,33.6
"DE13",2021,37400,41400,23900,3.2,82,33.6
"DE13",2022,39100,43600,25600,2.3,81.8,33.2
"DE13",2023,40900,45900,26700,2.2,82,34
"DE13",2024,41900,46800,NA,2.5,82.2,36.4
"DE14",2008,32300,34200,NA,3.8,81.5,27.4
"DE14",2009,29500,31700,NA,5,81.8,29.3
"DE14",2010,32500,34500,NA,4.5,81.8,29.8
"DE14",2011,34800,36800,NA,3.1,81.8,31.4
"DE14",2012,35000,37300,20700,2.7,81.7,32.5
"DE14",2013,35700,38300,20800,2.9,82.2,33.1
"DE14",2014,36700,39400,21600,2.7,82.1,30.5
"DE14",2015,37200,40300,21700,3,81.9,30.6
"DE14",2016,38800,42000,22000,2.6,82,30.8
"DE14",2017,40000,43400,23000,2.2,82.1,30.9
"DE14",2018,41300,44800,24000,1.9,82.4,30.6
"DE14",2019,41700,46000,24100,1.9,82.3,31.9
"DE14",2020,40400,44700,23900,2.9,82.4,32.2
"DE14",2021,43200,47900,24500,3,82.3,33.1
"DE14",2022,45600,50800,26400,2.1,82,35
"DE14",2023,47600,53500,27500,2.1,82.5,37.3
"DE14",2024,48700,54400,NA,2.8,82.5,39.7
"DE21",2008,42300,44700,NA,3.4,81.4,32.4
"DE21",2009,41000,44100,NA,4.2,81.5,33.4
"DE21",2010,43400,46100,NA,3.6,81.7,34.2
"DE21",2011,46400,49100,NA,2.8,81.8,35.5
"DE21",2012,46900,50000,23700,2.7,81.9,36.4
"DE21",2013,48000,51500,23600,2.5,82.1,37
"DE21",2014,49300,52900,24700,2.5,82.4,37.1
"DE21",2015,50800,54900,24500,2.7,82,37.1
"DE21",2016,52300,56600,25800,2.4,82.3,38.4
"DE21",2017,54600,59200,26200,2.2,82.4,39.5
"DE21",2018,55500,60200,27600,2.3,82.6,40.6
"DE21",2019,56400,62200,28100,1.9,82.7,40.5
"DE21",2020,54400,60200,27500,2.8,82.3,41.8
"DE21",2021,58700,65000,27900,2.7,82.2,43.2
"DE21",2022,63100,70400,30200,2.2,82.1,42.3
"DE21",2023,66600,74700,31800,2.3,82.4,42.6
"DE21",2024,67700,75700,NA,2.7,82.7,44.1
"DE22",2008,27900,29500,NA,4.2,80.2,20.5
"DE22",2009,26900,28900,NA,5.1,80.1,21.6
"DE22",2010,29700,31600,NA,3.9,80.4,22
"DE22",2011,31900,33700,NA,2.8,80.3,21.9
"DE22",2012,31600,33700,19600,3.3,80.7,22.9
"DE22",2013,32200,34500,19700,3.2,80.6,23.2
"DE22",2014,34100,36600,20100,2.9,80.6,21.1
"DE22",2015,34400,37200,20400,2.5,80.3,21.1
"DE22",2016,35200,38100,21100,2.1,80.9,21.9
"DE22",2017,36900,40000,21900,2.1,80.8,22.1
"DE22",2018,37200,40400,23100,2,81,21.5
"DE22",2019,38000,41900,23400,2,81.4,22.8
"DE22",2020,37300,41300,23000,NA,80.8,24.4
"DE22",2021,39600,43800,23800,1.8,80.5,27.4
"DE22",2022,42500,47400,25900,NA,80.7,27.2
"DE22",2023,44500,49900,26900,NA,80.9,26
"DE22",2024,45000,50300,NA,2,81.2,26.9
"DE23",2008,29700,31400,NA,4.3,79.7,21.5
"DE23",2009,28400,30500,NA,5,80,21.7
"DE23",2010,30800,32800,NA,4,80.2,22.9
"DE23",2011,33000,34900,NA,3.4,80.4,23.9
"DE23",2012,33500,35700,19200,3.2,80.4,26.1
"DE23",2013,34100,36600,19400,3.4,80.6,26.7
"DE23",2014,36200,38800,19800,2.7,80.7,25.2
"DE23",2015,36700,39700,20300,2.8,80.4,25
"DE23",2016,37700,40800,20900,2.9,80.8,24.8
"DE23",2017,39800,43100,21500,2.2,80.9,24.4
"DE23",2018,40600,44100,22600,1.9,80.9,24.9
"DE23",2019,40900,45200,23000,2.3,81.2,26.1
"DE23",2020,40300,44600,23000,NA,80.7,29.7
"DE23",2021,43000,47700,23800,2.4,80.5,31.1
"DE23",2022,45700,51000,25700,NA,80.4,30.4
"DE23",2023,48300,54200,26800,2.1,80.7,31.4
"DE23",2024,48900,54700,NA,2.5,81.2,32.3
"DE24",2008,26000,27500,NA,6.2,79.5,23.2
"DE24",2009,25800,27700,NA,6.7,79.7,25.2
"DE24",2010,27500,29300,NA,5.9,79.8,24.4
"DE24",2011,29400,31100,NA,4.2,80.2,26.3
"DE24",2012,30000,32000,19700,3.3,80.1,26.1
"DE24",2013,30500,32800,19700,3.9,80.3,26.1
"DE24",2014,31700,34100,20000,4,80.8,24.4
"DE24",2015,33000,35800,20400,3.9,79.9,23.5
"DE24",2016,33900,36700,20800,3.3,80.5,23.2
"DE24",2017,35400,38400,21500,3,80.5,24.8
"DE24",2018,36600,39700,22400,2.3,80.6,24.7
"DE24",2019,37100,41000,22600,2.3,81.1,26.1
"DE24",2020,36400,40200,22800,NA,80.7,27.7
"DE24",2021,38700,42900,23600,3.3,80.2,30.6
"DE24",2022,40500,45200,25400,3,79.9,27.4
"DE24",2023,42700,47900,26700,2.5,80.6,26.3
"DE24",2024,43600,48700,NA,2.8,80.8,28.6
"DE25",2008,32600,34400,NA,5.5,80.3,26.4
"DE25",2009,31700,34000,NA,6.4,80.4,26.7
"DE25",2010,33300,35500,NA,5.5,80.5,27.5
"DE25",2011,35600,37600,NA,4,80.6,27.8
"DE25",2012,36400,38800,20900,3.7,80.8,29.1
"DE25",2013,37000,39700,20700,3.1,80.8,28.9
"DE25",2014,38300,41100,21000,3.1,81,27.8
"DE25",2015,39100,42300,21400,3,80.6,28.4
"DE25",2016,40300,43700,21700,2.5,80.9,29.4
"DE25",2017,41900,45400,22400,2.1,81,30.1
"DE25",2018,43400,47000,23400,1.8,80.9,30.7
"DE25",2019,43600,48200,23500,2.1,81.2,30.9
"DE25",2020,42400,46900,23300,3.8,80.8,33.8
"DE25",2021,44800,49600,24400,3.4,80.6,32.8
"DE25",2022,47000,52400,26200,2.9,80.7,33.5
"DE25",2023,49500,55500,27500,2.4,81.1,36
"DE25",2024,50400,56400,NA,2.7,81.4,36.3
"DE26",2008,29600,31300,NA,4.5,80.9,24.7
"DE26",2009,28100,30200,NA,5.7,81,26.1
"DE26",2010,30200,32200,NA,5.1,81.2,27.9
"DE26",2011,32700,34600,NA,3.5,81.2,26.6
"DE26",2012,33000,35200,19800,3.5,81.2,27.9
"DE26",2013,33300,35800,19900,3.3,81.4,28.4
"DE26",2014,34500,37100,20400,2.9,81.7,25.7
"DE26",2015,35300,38200,20800,3,81.2,26.9
"DE26",2016,36600,39700,21100,2.5,81.6,27.2
"DE26",2017,38100,41400,22100,2.3,81.6,27.7
"DE26",2018,38900,42200,22900,2,81.6,27.4
"DE26",2019,39200,43200,23100,2,82,28.8
"DE26",2020,38000,42100,23000,NA,81.9,31.3
"DE26",2021,39700,44000,24100,2.6,81.5,30.8
"DE26",2022,42500,47400,26000,2.2,81.3,29.8
"DE26",2023,45200,50800,27400,2.1,81.5,32.3
"DE26",2024,46100,51600,NA,2.7,82,32.3
"DE27",2008,28900,30600,NA,4.2,80.6,22
"DE27",2009,27700,29700,NA,4.7,80.9,24
"DE27",2010,29500,31400,NA,4.2,81.1,24.6
"DE27",2011,31500,33300,NA,3.4,81.2,26.2
"DE27",2012,32200,34400,20800,3.2,81.3,25.2
"DE27",2013,32600,35000,20700,3.3,81.3,26.2
"DE27",2014,33900,36300,21200,3,81.8,25.2
"DE27",2015,34700,37600,21500,3,81.4,25.6
"DE27",2016,35800,38800,21900,2.7,81.7,24.4
"DE27",2017,36900,40000,22800,2.6,81.8,25.9
"DE27",2018,37500,40700,23800,2.4,82,26.7
"DE27",2019,38500,42500,23900,2.2,82,27.9
"DE27",2020,37600,41500,23800,2.5,81.7,32.4
"DE27",2021,38800,42900,24500,2.8,81.5,30.4
"DE27",2022,40900,45600,26500,2.3,81.4,29.8
"DE27",2023,42800,48100,27600,1.8,81.8,31.2
"DE27",2024,43400,48500,NA,2.6,82.1,33.4
"DE30",2008,29200,30900,NA,15.2,80,33.8
"DE30",2009,28900,31000,NA,13.7,80.3,35.4
"DE30",2010,30200,32100,NA,12.8,80.4,36
"DE30",2011,31600,33500,NA,11.7,80.3,36.8
"DE30",2012,31500,33600,17300,10.4,80.5,37.2
"DE30",2013,32000,34400,17300,10.4,80.5,36.9
"DE30",2014,33400,35800,17600,9.8,80.7,36.1
"DE30",2015,34600,37500,18000,9.5,80.4,36.6
"DE30",2016,36000,39000,18400,7.8,80.7,39.1
"DE30",2017,37800,40900,19400,7,81,40.5
"DE30",2018,39600,42900,20100,6.1,80.7,42.1
"DE30",2019,40600,44800,20600,5.3,81.3,43.1
"DE30",2020,40400,44700,20800,6.1,80.8,42.9
"DE30",2021,43500,48200,21400,5.7,80.8,46.7
"DE30",2022,46400,51700,22900,4.8,80.6,48.2
"DE30",2023,48700,54700,24200,5.2,80.9,45.1
"DE30",2024,50600,56600,NA,5.5,81.2,45.3
"DE40",2008,21200,22500,NA,11.5,79.6,30.2
"DE40",2009,20600,22100,NA,11.4,79.7,30.9
"DE40",2010,21900,23300,NA,9.9,79.8,30.3
"DE40",2011,22800,24200,NA,8.8,80,30.4
"DE40",2012,23400,24900,16700,8.2,80.3,29.6
"DE40",2013,23700,25500,16900,7.3,80,30
"DE40",2014,25000,26800,17300,6.7,80.5,27.7
"DE40",2015,25000,27100,17500,5.7,80.2,27.7
"DE40",2016,25600,27700,18000,4.6,80.4,27.2
"DE40",2017,26800,29000,19100,4.5,80.5,26.9
"DE40",2018,27400,29700,19900,4.1,80.5,28.2
"DE40",2019,28000,30900,20300,3.4,80.9,28.8
"DE40",2020,27500,30500,21000,4.2,80.4,29.2
"DE40",2021,29300,32500,21500,3,79.9,31.3
"DE40",2022,32000,35700,22900,3.3,80.1,29.5
"DE40",2023,33400,37500,23900,3.3,80.5,30.4
"DE40",2024,34300,38300,NA,3.1,81,32.1
"DE50",2008,40300,42600,NA,9.6,79.6,24.1
"DE50",2009,36300,39000,NA,9.1,79.4,23.8
"DE50",2010,38900,41300,NA,7.9,79.9,25.8
"DE50",2011,40400,42700,NA,7.8,79.7,28.5
"DE50",2012,41700,44500,18400,6.6,79.9,27.2
"DE50",2013,41800,44900,18300,7,79.5,26.5
"DE50",2014,42900,46100,18500,6.6,79.8,26.5
"DE50",2015,42900,46400,18500,5.6,79.7,26.2
"DE50",2016,43400,47000,18700,5.4,80,27.6
"DE50",2017,44200,47900,19300,4.3,80,28.4
"DE50",2018,44800,48600,20000,4.3,79.6,28.4
"DE50",2019,44000,48600,20400,5.1,80.5,28.8
"DE50",2020,42600,47100,20100,NA,79.8,30.8
"DE50",2021,46600,51600,20500,6.5,80,33.6
"DE50",2022,50900,56700,22000,5.6,79,31
"DE50",2023,51700,58000,22900,4.7,79.4,29.9
"DE50",2024,52700,58900,NA,4.8,79.7,31
"DE60",2008,54000,57100,NA,7.1,80.6,27.6
"DE60",2009,51600,55400,NA,7.2,80.5,29.5
"DE60",2010,53700,57100,NA,7,80.8,30.4
"DE60",2011,54500,57700,NA,5.3,80.4,32.2
"DE60",2012,55200,58800,21400,5.3,80.7,31.2
"DE60",2013,57100,61300,21700,4.7,80.7,31.6
"DE60",2014,58000,62300,21600,5,80.9,33.6
"DE60",2015,59500,64400,22200,4.3,80.7,34.9
"DE60",2016,60000,65000,23100,4.1,81,36.4
"DE60",2017,62800,68100,23100,4.2,81,35.7
"DE60",2018,63900,69300,24300,4.1,81,36.9
"DE60",2019,65600,72400,24200,3.6,81.4,37.1
"DE60",2020,62500,69200,23800,4.8,81.3,36.7
"DE60",2021,69500,77000,24300,4.5,80.9,41.4
"DE60",2022,78000,87000,26300,4,80.6,38.1
"DE60",2023,75000,84200,27400,4.1,80.7,40
"DE60",2024,78300,87500,NA,4.8,81.2,41.8
"DE71",2008,42800,45300,NA,6.2,81.1,27.7
"DE71",2009,40600,43600,NA,6.3,81.2,29
"DE71",2010,42200,44900,NA,5.8,81.5,30
"DE71",2011,44200,46800,NA,4.7,81.2,31
"DE71",2012,43700,46600,20900,4.8,81.4,32.2
"DE71",2013,44200,47500,20800,4.3,81.2,32.5
"DE71",2014,45900,49200,21400,4.5,81.6,32
"DE71",2015,46200,50000,21900,4.1,81.2,32.3
"DE71",2016,47700,51600,22200,4,81.7,33.3
"DE71",2017,48900,53000,22800,3.5,81.7,34.4
"DE71",2018,49700,53900,23900,3.1,81.7,33.9
"DE71",2019,49900,55000,23900,3.1,82,34.8
"DE71",2020,48200,53300,23700,4.2,81.7,32.7
"DE71",2021,51700,57300,24600,4.1,81.5,34.1
"DE71",2022,54500,60800,26100,3.9,81.1,34.6
"DE71",2023,57100,64100,27600,3.1,81.5,37.1
"DE71",2024,59200,66200,NA,3.4,82,38.2
"DE72",2008,27400,28900,NA,6.6,80.1,24.5
"DE72",2009,25200,27100,NA,6.7,80.5,25.4
"DE72",2010,26400,28100,NA,6,80.6,26
"DE72",2011,28000,29600,NA,5.1,80.8,27
"DE72",2012,27900,29800,18700,5,80.7,29.2
"DE72",2013,28400,30500,18700,4.5,80.7,29.4
"DE72",2014,29700,31900,19300,4.5,81,25.8
"DE72",2015,30000,32500,19600,3.9,80.5,27.2
"DE72",2016,30800,33300,19900,4,81,28.1
"DE72",2017,32400,35100,20600,3.6,80.6,28.6
"DE72",2018,33400,36200,21300,3.6,80.8,27.5
"DE72",2019,33900,37400,21500,3.3,80.9,28.8
"DE72",2020,33200,36700,21500,5.2,80.9,30
"DE72",2021,35100,38800,21900,3.5,80.5,31
"DE72",2022,36300,40500,23200,2.6,80.2,31.3
"DE72",2023,38700,43400,24400,3,80.6,30.9
"DE72",2024,39800,44500,NA,3.7,80.6,32
"DE73",2008,27600,29200,NA,7.5,80.1,23
"DE73",2009,26500,28500,NA,6.6,80.2,23
"DE73",2010,27900,29600,NA,6,80.8,23.4
"DE73",2011,29500,31200,NA,4.4,80.6,24.8
"DE73",2012,29500,31500,18500,4.5,80.6,24.6
"DE73",2013,30400,32600,18400,4.3,80.4,26.3
"DE73",2014,31500,33800,18900,4.4,80.9,22.5
"DE73",2015,32200,34800,19200,3.6,80.3,23.1
"DE73",2016,33600,36400,19600,3.7,80.9,24.1
"DE73",2017,34000,36800,20300,2.5,81,25.6
"DE73",2018,34900,37900,21300,2.9,80.7,25.4
"DE73",2019,36000,39800,21500,2.8,81.2,25.8
"DE73",2020,34900,38600,21700,NA,80.8,28.1
"DE73",2021,36900,40900,22100,3,80.5,26.9
"DE73",2022,39900,44500,23500,2.4,80.3,25.9
"DE73",2023,41700,46800,24600,2.1,80.4,27.4
"DE73",2024,43100,48100,NA,2.2,80.6,29.2
"DE80",2008,19800,21000,NA,14.7,79,26.6
"DE80",2009,19600,21100,NA,13.9,79.1,26.5
"DE80",2010,20500,21800,NA,12.3,79.2,27.1
"DE80",2011,21600,22900,NA,10.1,79.4,27.4
"DE80",2012,21800,23300,15800,10.8,79.7,26.7
"DE80",2013,22400,24100,16000,10.1,79.5,26.3
"DE80",2014,23500,25300,16400,9.6,80.1,24.1
"DE80",2015,23700,25700,16700,7.8,79.7,25.5
"DE80",2016,24300,26300,17200,6.3,79.9,25.8
"DE80",2017,26300,28500,18200,5.2,80.2,26.5
"DE80",2018,26500,28700,19100,4.9,79.7,25.5
"DE80",2019,27900,30700,19800,4,80.1,26
"DE80",2020,27300,30200,20400,4.5,80.1,27.3
"DE80",2021,29100,32300,21000,3.8,79.5,27.3
"DE80",2022,32100,35800,22600,3.8,79.4,25.5
"DE80",2023,33400,37400,23300,4.3,79.8,27
"DE80",2024,35000,39100,NA,3.7,79.7,28
"DE91",2008,33000,34800,NA,8.7,80,21.7
"DE91",2009,30600,32900,NA,8.5,80.1,21.2
"DE91",2010,34100,36300,NA,7.1,80.2,22
"DE91",2011,36900,39000,NA,6.3,80.4,23.9
"DE91",2012,37100,39600,18700,5.6,80.4,25.2
"DE91",2013,37500,40200,18800,6.2,80.2,25.7
"DE91",2014,39400,42300,19300,5.5,80.5,25.3
"DE91",2015,37500,40600,19600,4.9,80.2,26.2
"DE91",2016,43900,47600,19700,4.6,80,25.1
"DE91",2017,43400,47100,20400,4.4,80.4,27.2
"DE91",2018,46000,49900,21400,4,80.2,28.5
"DE91",2019,46200,51000,21800,3.3,80.5,29.2
"DE91",2020,43500,48100,21900,4.5,80.7,32
"DE91",2021,44200,49000,22200,3.9,80.3,31.2
"DE91",2022,45100,50300,23400,3.1,79.9,32.8
"DE91",2023,49800,55900,24600,3.1,80.1,34.4
"DE91",2024,51500,57600,NA,3.5,80.5,34.9
"DE92",2008,29000,30600,NA,7.6,80.1,22.7
"DE92",2009,27700,29700,NA,7.9,80.2,24.7
"DE92",2010,29200,31100,NA,7,80.4,26
"DE92",2011,30900,32700,NA,6.7,80.4,26.2
"DE92",2012,31300,33300,18700,5.4,80.6,26.6
"DE92",2013,31000,33300,18700,5.4,80.4,27
"DE92",2014,32900,35300,19200,5.2,80.5,25.2
"DE92",2015,33200,35900,19400,4.7,80.3,26
"DE92",2016,34700,37500,19700,4.7,80.7,25.4
"DE92",2017,35700,38800,20400,4.5,80.6,25.7
"DE92",2018,36800,39900,21400,4.1,80.5,27.4
"DE92",2019,37500,41400,21700,3.5,80.9,28.3
"DE92",2020,36700,40600,21900,3.7,80.8,28.3
"DE92",2021,39000,43200,22500,2.8,80.5,30.2
"DE92",2022,40500,45200,23900,3.1,80,30.5
"DE92",2023,43100,48300,25000,3,80.2,31
"DE92",2024,44700,50000,NA,3,80.6,33.7
"DE93",2008,20900,22100,NA,6.3,79.9,19.1
"DE93",2009,20100,21600,NA,5.5,79.9,20.3
"DE93",2010,21100,22500,NA,5.7,80.2,21.3
"DE93",2011,22500,23800,NA,5.3,79.9,22.9
"DE93",2012,23100,24700,19100,4.4,80.4,22.8
"DE93",2013,23600,25300,19300,4.4,80.1,23.2
"DE93",2014,24200,26000,19700,4,80.5,21.6
"DE93",2015,24500,26500,19800,3.5,80.5,23
"DE93",2016,24900,26900,20300,3.3,80.5,22.5
"DE93",2017,26000,28200,21200,3.4,80.6,23.1
"DE93",2018,27200,29500,22300,2.5,80.6,23.5
"DE93",2019,27900,30800,22700,2.6,80.8,24
"DE93",2020,27700,30700,22600,3.8,80.9,26.9
"DE93",2021,29200,32400,23200,3.1,80.6,26.7
"DE93",2022,31600,35300,25000,2.6,80.1,27.7
"DE93",2023,32500,36500,26000,2.6,80.4,27.3
"DE93",2024,33700,37700,NA,2.6,80.7,30.5
"DE94",2008,26200,27700,NA,6.2,79.7,19.7
"DE94",2009,25000,26900,NA,5.9,79.9,21
"DE94",2010,26900,28600,NA,5.9,80.3,20.3
"DE94",2011,28500,30100,NA,4.2,80.1,21.3
"DE94",2012,29100,31100,18200,4.3,80.3,22.2
"DE94",2013,29300,31400,18200,4,80.1,22.3
"DE94",2014,30100,32300,18700,4.1,80.6,20.6
"DE94",2015,30400,32900,18900,4,80.3,20.8
"DE94",2016,31500,34100,19200,3.6,80.4,20
"DE94",2017,32800,35600,20100,3,80.6,20.6
"DE94",2018,33600,36400,21100,2.7,80.4,21.5
"DE94",2019,34300,37900,21500,3,80.9,22.8
"DE94",2020,33900,37500,21400,3.3,80.7,25
"DE94",2021,35800,39700,22000,3.6,80.7,26.5
"DE94",2022,39600,44100,24000,2.7,80.2,27.9
"DE94",2023,40700,45700,24800,2.5,80.2,27.5
"DE94",2024,42100,47000,NA,3.1,80.6,29
"DEA1",2008,34200,36100,NA,7.4,79.5,21.9
"DEA1",2009,32300,34700,NA,7.7,79.6,23.1
"DEA1",2010,33200,35300,NA,7.6,79.6,23
"DEA1",2011,34600,36600,NA,6.8,80,24.2
"DEA1",2012,34300,36600,19000,6.5,80.1,24.9
"DEA1",2013,34600,37100,18900,6.4,79.9,24.6
"DEA1",2014,35900,38500,19300,6.4,80.3,23.8
"DEA1",2015,36500,39500,19400,5.9,79.9,24.8
"DEA1",2016,36900,40000,19700,4.9,80.2,26.5
"DEA1",2017,38300,41500,20400,4.3,80.3,26.1
"DEA1",2018,39500,42900,21300,4.3,80.2,25.9
"DEA1",2019,39300,43400,21500,3.8,80.5,26.5
"DEA1",2020,38400,42500,21700,5.1,80.4,28.9
"DEA1",2021,40700,45000,22300,4.4,80.2,29.3
"DEA1",2022,43600,48600,23700,3.9,79.8,28.7
"DEA1",2023,45200,50700,24800,4,80.1,29.3
"DEA1",2024,46300,51800,NA,4.2,80.4,29.8
"DEA2",2008,32600,34500,NA,7,80.5,26.4
"DEA2",2009,31700,34000,NA,7.2,80.4,27.5
"DEA2",2010,32800,34900,NA,7,80.7,27.2
"DEA2",2011,34100,36100,NA,6,80.8,27.9
"DEA2",2012,34200,36500,18900,5.4,80.7,28.8
"DEA2",2013,35000,37600,19000,5.8,80.7,29.3
"DEA2",2014,36400,39000,19400,5.3,81,28.3
"DEA2",2015,37200,40300,19700,4.8,80.7,28.5
"DEA2",2016,37600,40700,20000,3.9,81,30.3
"DEA2",2017,39200,42500,20800,3.7,81.1,30.3
"DEA2",2018,40700,44200,21900,3.7,80.8,30.5
"DEA2",2019,40700,44900,22100,3.4,81.2,30.9
"DEA2",2020,39600,43800,22300,4.1,81.2,32.2
"DEA2",2021,41700,46200,23000,4.1,81,34.8
"DEA2",2022,44400,49500,24600,3.2,80.7,34.4
"DEA2",2023,46000,51600,25700,3.3,81,37
"DEA2",2024,47300,52800,NA,3.7,81.3,36.9
"DEA3",2008,26300,27800,NA,6.5,79.6,20.7
"DEA3",2009,24800,26600,NA,7.3,79.9,21.4
"DEA3",2010,26200,27900,NA,6.6,79.9,21.8
"DEA3",2011,27600,29200,NA,5.3,80.2,23.1
"DEA3",2012,27700,29500,18100,4.9,80.5,23.3
"DEA3",2013,27600,29600,18000,5.1,80.5,24.7
"DEA3",2014,28400,30500,18500,4.9,80.6,22.7
"DEA3",2015,28900,31300,18800,4.4,80.4,24.1
"DEA3",2016,29700,32200,19100,4.3,80.5,24.5
"DEA3",2017,31000,33600,19800,3.9,80.7,23.8
"DEA3",2018,31700,34400,20800,3.6,80.7,24.4
"DEA3",2019,32300,35700,21200,3.4,81,25.7
"DEA3",2020,32000,35400,21600,3.6,80.7,26.6
"DEA3",2021,33600,37200,22200,3.7,80.4,27.4
"DEA3",2022,35700,39800,23800,3.4,80.1,27.4
"DEA3",2023,37100,41700,24700,3,80.5,27.6
"DEA3",2024,38000,42500,NA,3.4,80.8,28.8
"DEA4",2008,28300,29900,NA,7.2,80.5,20.1
"DEA4",2009,26900,28900,NA,7.8,80.5,20.7
"DEA4",2010,28000,29800,NA,7,80.7,20.3
"DEA4",2011,30000,31700,NA,5.5,81,21.3
"DEA4",2012,30500,32500,19300,4.7,80.9,23
"DEA4",2013,31100,33400,19200,5,80.9,23.2
"DEA4",2014,32700,35100,19800,5,81.2,21.7
"DEA4",2015,32800,35500,19900,4.7,80.9,22
"DEA4",2016,33700,36600,20400,4.1,81,23
"DEA4",2017,35000,37900,20800,3.9,81.1,22.8
"DEA4",2018,36100,39200,22000,3.3,81.1,23.5
"DEA4",2019,36600,40400,22200,3,81.4,24
"DEA4",2020,36600,40500,22300,3.7,81.3,25.9
"DEA4",2021,37900,42000,22900,3.9,81.1,26.6
"DEA4",2022,39800,44400,24700,2.7,80.6,26.7
"DEA4",2023,41400,46500,25600,2.4,81,28.5
"DEA4",2024,42300,47300,NA,3.5,81.2,31.5
"DEA5",2008,27000,28500,NA,8.7,79.2,18.7
"DEA5",2009,25600,27500,NA,9.2,79.6,20.1
"DEA5",2010,27100,28800,NA,8.2,79.6,19.7
"DEA5",2011,28700,30300,NA,7.1,79.7,21
"DEA5",2012,28800,30700,18600,6.6,79.8,21.7
"DEA5",2013,29100,31300,18500,6.6,79.6,22.2
"DEA5",2014,30400,32600,18900,5.7,79.9,20.9
"DEA5",2015,30700,33200,19100,5.7,79.5,22
"DEA5",2016,31200,33800,19400,5,79.8,22.7
"DEA5",2017,32500,35200,20100,4.7,80.1,22.4
"DEA5",2018,33600,36500,21000,4,79.9,22.7
"DEA5",2019,33800,37300,21100,3.9,80.3,23.1
"DEA5",2020,32800,36300,21200,5.1,80.1,25.5
"DEA5",2021,34800,38600,21900,4.2,79.8,26.7
"DEA5",2022,36900,41200,23400,3.9,79.6,26.4
"DEA5",2023,38200,42900,24500,3.6,79.8,27.3
"DEA5",2024,39200,43800,NA,3.6,80.1,26
"DEB1",2008,24600,26000,NA,5.8,80.2,19.5
"DEB1",2009,23600,25300,NA,6.7,79.9,19.6
"DEB1",2010,25000,26600,NA,5.1,80.4,20.7
"DEB1",2011,26200,27800,NA,4.4,80.5,22.5
"DEB1",2012,26600,28400,19200,4,80.3,23.5
"DEB1",2013,27100,29100,19100,3.8,80.5,22.7
"DEB1",2014,28600,30700,19400,4.1,80.6,21.9
"DEB1",2015,28900,31300,19800,3.4,80.5,22.2
"DEB1",2016,29400,31900,20300,3.4,80.5,23.2
"DEB1",2017,30800,33400,20700,3.1,80.6,24.3
"DEB1",2018,31600,34200,21700,2.8,80.6,25.5
"DEB1",2019,32000,35300,21600,2.3,81,26.4
"DEB1",2020,31800,35200,21900,NA,80.9,27.3
"DEB1",2021,33000,36600,22600,2.8,80.5,27.2
"DEB1",2022,35500,39600,24300,2.8,80.3,26.2
"DEB1",2023,37400,41900,25300,2.5,80.8,27.6
"DEB1",2024,38100,42600,NA,3.2,80.9,30.2
"DEB2",2008,23300,24700,NA,5.2,80.4,23.2
"DEB2",2009,22400,24100,NA,4.6,80.3,25.7
"DEB2",2010,23700,25200,NA,4.1,80.8,24.3
"DEB2",2011,25200,26700,NA,4.1,80.7,26.5
"DEB2",2012,25300,27000,18700,2.7,81.3,27.6
"DEB2",2013,26100,28000,18600,3.1,81,27.5
"DEB2",2014,27000,29000,19100,3,80.9,25.7
"DEB2",2015,27300,29500,19000,2.9,80.7,25.2
"DEB2",2016,28100,30400,19600,2.7,81.1,26.1
"DEB2",2017,28700,31100,20400,2,81,27.5
"DEB2",2018,29600,32100,21600,2.6,80.9,28.4
"DEB2",2019,30100,33300,22100,2,81.6,29.4
"DEB2",2020,29900,33100,22200,NA,81.1,31.6
"DEB2",2021,30500,33800,22500,NA,81.5,28.9
"DEB2",2022,32800,36600,24100,NA,80.4,29.9
"DEB2",2023,34400,38600,25300,NA,80.9,29.2
"DEB2",2024,35100,39300,NA,NA,80.8,29.4
"DEB3",2008,28400,30000,NA,5.7,80.2,25.5
"DEB3",2009,27400,29400,NA,5.9,80.4,25.3
"DEB3",2010,29700,31500,NA,6.1,80.7,26.3
"DEB3",2011,31000,32800,NA,5.2,80.5,27.5
"DEB3",2012,31700,33800,19500,4.3,80.7,28
"DEB3",2013,32000,34300,19200,4.4,80.7,28.7
"DEB3",2014,33000,35400,19700,4,81.1,26.7
"DEB3",2015,33800,36600,20100,4.1,80.8,27.8
"DEB3",2016,34500,37400,20300,4.1,81.2,27.7
"DEB3",2017,35000,38000,20900,3.8,81,27.1
"DEB3",2018,35400,38400,22000,3.5,80.9,28.5
"DEB3",2019,35700,39400,22200,3.3,81.2,30.1
"DEB3",2020,34600,38200,22400,4,81.1,32.7
"DEB3",2021,42300,46900,22800,4.2,81,31.8
"DEB3",2022,43500,48500,24200,3.6,80.6,32.5
"DEB3",2023,42200,47300,25400,3.6,81.2,33.8
"DEB3",2024,42800,47900,NA,3.2,81.2,36.6
"DEC0",2008,29900,31600,NA,7.1,79,18.4
"DEC0",2009,26900,28900,NA,8.4,79.3,19.7
"DEC0",2010,28800,30600,NA,6.9,79.6,21.3
"DEC0",2011,30700,32500,NA,5.9,79.6,21.8
"DEC0",2012,30700,32800,18000,6.3,80,22.9
"DEC0",2013,30200,32500,17900,6,79.6,22.6
"DEC0",2014,31700,34000,17900,5.8,80,19.9
"DEC0",2015,32100,34700,18200,5.6,79.6,19.7
"DEC0",2016,32200,34900,18500,4.9,80.1,23
"DEC0",2017,33300,36100,19200,4.5,80.1,23
"DEC0",2018,33800,36600,20000,3.6,79.6,24.5
"DEC0",2019,33400,36900,20500,3.7,80.1,25
"DEC0",2020,32000,35400,20100,NA,80.1,26.3
"DEC0",2021,33400,37000,20600,3.2,79.7,27.3
"DEC0",2022,36700,40900,21800,3.7,79.3,26.8
"DEC0",2023,37300,41800,22900,3.4,79.8,26.6
"DEC0",2024,37800,42200,NA,3.6,79.9,27.2
"DED2",2008,22300,23600,NA,12.3,80.7,33.9
"DED2",2009,21600,23200,NA,12,80.6,33.8
"DED2",2010,22700,24100,NA,10.3,NA,33.6
"DED2",2011,23700,25100,NA,8.6,81.1,33.9
"DED2",2012,23900,25500,16500,7.5,81.1,33.5
"DED2",2013,24500,26300,16600,7.3,81,34.1
"DED2",2014,25600,27500,16900,7.4,81.3,31
"DED2",2015,26800,29000,17200,6.2,80.9,31.1
"DED2",2016,27500,29800,17800,4.9,81.4,31.4
"DED2",2017,28600,31000,18600,4.3,81.5,31.5
"DED2",2018,29600,32100,19400,4.1,81.4,32.2
"DED2",2019,30400,33500,19900,3.5,81.7,31.5
"DED2",2020,29800,32900,20400,3.6,80.8,32.1
"DED2",2021,31300,34600,20800,3.4,80.4,33.7
"DED2",2022,34000,37900,22300,3.4,81.2,34.2
"DED2",2023,35500,39900,23400,2.4,81.6,35.5
"DED2",2024,36600,40900,NA,3.4,82.1,37.4
"DED4",2008,20400,21600,NA,12.7,NA,30.4
"DED4",2009,19400,20900,NA,12.6,NA,29.3
"DED4",2010,20800,22100,NA,11.5,NA,29
"DED4",2011,22000,23300,NA,8.8,80.2,28.7
"DED4",2012,22200,23600,16500,7.9,80.6,27.4
"DED4",2013,22400,24000,16600,7.4,80,29.7
"DED4",2014,23600,25300,17000,6.4,80.7,24.8
"DED4",2015,24100,26100,17400,5.4,80.3,25.8
"DED4",2016,25000,27000,17800,4.4,80.7,23.9
"DED4",2017,26000,28200,18600,4.1,80.8,24.2
"DED4",2018,26700,29000,19500,3.4,80.5,24.7
"DED4",2019,27200,30000,19900,3.7,80.7,25.3
"DED4",2020,26500,29400,20300,NA,80,27
"DED4",2021,28000,31000,20800,2.3,79,25.5
"DED4",2022,29700,33200,22300,2.3,80.1,25
"DED4",2023,31600,35500,23400,3.3,80.4,24.3
"DED4",2024,32700,36500,NA,3.1,80.7,27
"DED5",2008,23200,24500,NA,14.3,NA,34
"DED5",2009,22700,24400,NA,13.1,NA,34.7
"DED5",2010,24000,25500,NA,12.1,NA,35.3
"DED5",2011,25700,27200,NA,11.1,80.4,33.9
"DED5",2012,26400,28100,16500,9.5,80.3,34.6
"DED5",2013,27000,29000,16600,9.2,80.4,35.3
"DED5",2014,28300,30300,16800,8.3,80.6,30
"DED5",2015,28600,31000,17200,7.7,80.3,30.7
"DED5",2016,29400,31800,17700,6,80.6,31.3
"DED5",2017,30600,33200,18400,5.1,80.6,32.3
"DED5",2018,31200,33900,19300,4.8,80.5,32.9
"DED5",2019,32000,35400,19700,4.7,80.9,34.3
"DED5",2020,31200,34500,20000,5.3,80.6,37
"DED5",2021,33500,37100,20500,4.5,80.2,36.9
"DED5",2022,36000,40100,21700,3.5,80.4,35.9
"DED5",2023,37700,42400,22600,4.5,81,36
"DED5",2024,38900,43400,NA,5.2,81.4,38.1
"DEE0",2008,20500,21700,NA,14.6,78.7,24.2
"DEE0",2009,19500,21000,NA,13.7,78.8,24.6
"DEE0",2010,21100,22500,NA,11.4,79,25
"DEE0",2011,21900,23200,NA,10.4,79.2,25.4
"DEE0",2012,22800,24300,16000,9.5,79.4,25.8
"DEE0",2013,23100,24700,16100,9.1,79.3,25.7
"DEE0",2014,23700,25400,16400,8.8,79.6,23.7
"DEE0",2015,23900,25900,16700,8,79.1,23.4
"DEE0",2016,24600,26600,17200,7.4,79.6,22.9
"DEE0",2017,25600,27800,18100,6.9,79.3,22.2
"DEE0",2018,26200,28400,18800,5.3,79.3,21.5
"DEE0",2019,27200,30000,19400,4.6,79.9,23.1
"DEE0",2020,26900,29800,20000,4.8,79.6,22.6
"DEE0",2021,28600,31600,20600,4.2,78.5,25.1
"DEE0",2022,31300,34900,21900,3.9,78.7,25.3
"DEE0",2023,32500,36400,22700,3.8,79,25.6
"DEE0",2024,33300,37200,NA,4.2,79.5,25.8
"DEF0",2008,24900,26400,NA,6.8,79.9,22.4
"DEF0",2009,23900,25700,NA,7.3,80.1,22.8
"DEF0",2010,24700,26300,NA,6.7,80.2,22.8
"DEF0",2011,25800,27300,NA,5.8,80.3,24.4
"DEF0",2012,26500,28300,19400,5,80.4,24.9
"DEF0",2013,26600,28600,19500,4.9,80.3,24.8
"DEF0",2014,27400,29400,19800,4.6,80.7,23.4
"DEF0",2015,27700,30000,20200,4.2,80.4,23.8
"DEF0",2016,28300,30600,20500,4,80.5,24.1
"DEF0",2017,29900,32400,21500,3.6,80.7,24.2
"DEF0",2018,30600,33200,22400,3.1,80.4,24.4
"DEF0",2019,31400,34700,22700,2.9,80.9,24.7
"DEF0",2020,31200,34500,22900,3.5,81,26.9
"DEF0",2021,33000,36600,23600,3.2,80.8,28.3
"DEF0",2022,36300,40500,25500,2.9,80.2,26.5
"DEF0",2023,37000,41500,26500,3.1,80.6,29.1
"DEF0",2024,38600,43100,NA,3.4,80.8,31.8
"DEG0",2008,20200,21400,NA,10.7,79.4,28
"DEG0",2009,19300,20800,NA,10.7,79.5,27.9
"DEG0",2010,20800,22200,NA,8.6,79.9,28.2
"DEG0",2011,22300,23600,NA,7.6,79.9,30.1
"DEG0",2012,22500,24000,16200,7.3,80,30.5
"DEG0",2013,23300,25100,16300,6,80.3,30
"DEG0",2014,24600,26400,16500,6,80.4,27
"DEG0",2015,25000,27000,16800,5.8,79.9,26.4
"DEG0",2016,25700,27800,17300,5.1,80.2,26.9
"DEG0",2017,26700,28900,18100,4.4,80.2,26.8
"DEG0",2018,27200,29500,19100,4.1,80.2,28.3
"DEG0",2019,27600,30500,19400,3.7,80.6,28.3
"DEG0",2020,27300,30200,19900,4.2,80.6,29.1
"DEG0",2021,28700,31800,20500,3.5,79.1,28.4
"DEG0",2022,30600,34100,22100,3,79.6,27.8
"DEG0",2023,32400,36400,23100,3.1,80.3,27.9
"DEG0",2024,33200,37100,NA,3.4,80.7,29.1
"DK01",2008,38900,53400,12900,3.9,78.5,40.9
"DK01",2009,37600,51700,13300,6.5,78.9,41
"DK01",2010,41100,55300,14100,8,78.9,42.8
"DK01",2011,40800,54900,14500,8.3,79.6,45.3
"DK01",2012,41100,56500,14400,8.4,80,46.1
"DK01",2013,42600,58200,14500,7.7,80.2,46.9
"DK01",2014,43900,60200,14500,7.5,80.6,47.5
"DK01",2015,45800,62400,15100,6.8,80.6,47.8
"DK01",2016,46500,63600,15600,6.2,80.8,49.4
"DK01",2017,49200,66200,16300,6.2,81,49.9
"DK01",2018,50400,67500,17200,5.4,81.1,51.1
"DK01",2019,50600,68200,17300,5.1,81.5,52.7
"DK01",2020,51600,68900,17300,6.1,81.5,53
"DK01",2021,59500,78800,18000,5.7,81.6,54.1
"DK01",2022,69600,92500,19300,4.7,81.6,53.1
"DK01",2023,65300,85000,20900,5.2,81.9,55.1
"DK01",2024,70100,90600,21600,6.6,82.4,57.1
"DK02",2008,21700,29800,11900,3.5,78,26.6
"DK02",2009,21100,29000,12300,5.6,78.3,26.8
"DK02",2010,22400,30200,13100,7.1,78.5,26.5
"DK02",2011,22600,30300,13300,7.4,78.9,27.2
"DK02",2012,22400,30900,13400,6.7,79.5,27.5
"DK02",2013,23100,31600,13700,7.3,79.7,28.9
"DK02",2014,23400,32000,13600,6.6,79.9,28.8
"DK02",2015,24900,33900,14200,6,80.1,29.3
"DK02",2016,24800,34000,14500,6.2,80.2,29.1
"DK02",2017,26300,35300,15200,5.6,80.2,31.1
"DK02",2018,26800,35900,15900,5.2,80.3,30.8
"DK02",2019,27700,37300,16000,4.9,80.7,30.3
"DK02",2020,28200,37600,16100,5.4,80.6,30.4
"DK02",2021,29900,39600,16800,5,80.4,32.1
"DK02",2022,31400,41700,17500,3.9,80.5,32.9
"DK02",2023,34300,44600,18900,4.6,81.1,33.1
"DK02",2024,36000,46500,19600,5.8,81.4,35.3
"DK03",2008,28800,39600,11900,3.6,79.1,25.3
"DK03",2009,27400,37700,12100,6.5,79,25.9
"DK03",2010,29200,39300,12800,8,79.4,27.4
"DK03",2011,29900,40200,13100,7.7,79.9,27.5
"DK03",2012,29700,40800,13100,8,80.3,28.8
"DK03",2013,30600,41800,13300,7.7,80.6,28.3
"DK03",2014,31000,42500,13200,7,80.7,29.3
"DK03",2015,31700,43200,13800,6.2,81,30.1
"DK03",2016,32300,44200,14100,6.1,81.1,30.3
"DK03",2017,33800,45500,14700,6.1,81.2,32.5
"DK03",2018,34400,46000,15400,4.9,81.1,32.5
"DK03",2019,35100,47200,15500,4.8,81.4,33.1
"DK03",2020,35700,47800,15700,5.1,81.7,33.5
"DK03",2021,38300,50800,16300,4.5,81.6,33.9
"DK03",2022,39800,52900,17000,4.5,81.2,34.7
"DK03",2023,41900,54500,18000,5.2,81.5,35.1
"DK03",2024,42900,55500,18900,6,81.8,38.4
"DK04",2008,29300,40200,12000,3.5,79.4,29.7
"DK04",2009,28400,39100,12300,6.2,79.7,31.3
"DK04",2010,29000,39100,12900,7.6,80.1,32
"DK04",2011,30000,40400,13200,7.1,80.7,30.2
"DK04",2012,29600,40700,13200,7.2,80.7,31.4
"DK04",2013,30100,41100,13500,6.9,80.9,33.1
"DK04",2014,30600,41900,13200,6.3,81,33.1
"DK04",2015,30800,41900,13900,5.7,81.2,34.2
"DK04",2016,33000,45100,14300,5.4,81.4,36.2
"DK04",2017,34500,46400,15000,5.4,81.6,37
"DK04",2018,35100,47000,15600,4.7,81.2,37.7
"DK04",2019,36200,48800,15800,4.9,81.9,39.4
"DK04",2020,37500,50100,15900,5.5,82,38.9
"DK04",2021,40200,53200,16500,4.8,81.9,40.2
"DK04",2022,40300,53600,17400,4.1,81.7,41.3
"DK04",2023,42000,54600,18600,5.4,82,41.2
"DK04",2024,43200,55900,19300,6.1,82.3,43
"DK05",2008,27600,37900,11700,3.8,78.6,25.8
"DK05",2009,26700,36700,12000,7.4,78.9,29.9
"DK05",2010,27600,37200,12700,7.7,79.5,28.4
"DK05",2011,27900,37500,13100,8.1,80,28.2
"DK05",2012,28100,38700,13200,8.2,80.2,29.2
"DK05",2013,28400,38900,13400,6.9,80.1,27.5
"DK05",2014,28500,39000,13200,6.9,80.8,27
"DK05",2015,29500,40200,13700,6.4,80.5,28.9
"DK05",2016,30100,41200,14100,6,80.5,30.8
"DK05",2017,31900,42900,14800,5.6,81.2,31.5
"DK05",2018,32400,43400,15400,5.5,80.8,32.1
"DK05",2019,33000,44400,15600,5.8,81.2,31.6
"DK05",2020,33600,44900,15700,5.9,81.6,32
"DK05",2021,35300,46800,16200,5.2,80.9,35
"DK05",2022,36300,48200,17000,4.8,80.7,34.8
"DK05",2023,38500,50000,18100,4.7,81.4,35.1
"DK05",2024,39800,51500,19000,5.9,81.4,35.4
"EE00",2008,17700,12400,8600,5.5,74.4,34.2
"EE00",2009,15500,10600,8000,13.5,75.3,36.1
"EE00",2010,16300,11100,8000,16.7,76,35.5
"EE00",2011,18300,12600,8600,12.3,76.6,36.9
"EE00",2012,19300,13600,8800,10,76.7,37.6
"EE00",2013,20100,14500,9500,8.6,77.5,37.4
"EE00",2014,21100,15500,9800,7.4,77.1,37.6
"EE00",2015,21400,16000,10500,6.4,77.7,36.7
"EE00",2016,22200,16900,10800,6.9,77.8,37.7
"EE00",2017,23700,18500,11400,5.8,78.2,38.4
"EE00",2018,25200,20000,12500,5.4,78.4,39.1
"EE00",2019,26400,21500,12900,4.5,78.8,39.5
"EE00",2020,26000,21000,12900,7,78.8,40.1
"EE00",2021,28200,23600,13200,6.2,77.2,41.2
"EE00",2022,30000,27300,13600,5.6,78.1,42.1
"EE00",2023,30600,28100,14500,6.4,78.9,41.6
"EE00",2024,31600,29000,15400,7.6,79.4,41.8
"EL30",2008,31400,28700,18100,6.7,80.3,28.1
"EL30",2009,30400,28400,17700,9.1,80.2,28.3
"EL30",2010,28400,27100,15100,12.6,80.5,29.9
"EL30",2011,25900,24800,13800,18,80.5,31.8
"EL30",2012,24300,22500,11800,25.8,80.6,33.4
"EL30",2013,25000,21800,11800,28.7,81.1,35.2
"EL30",2014,25600,21800,12600,27.4,80.7,36.3
"EL30",2015,25800,21900,12500,25.2,80.4,37
"EL30",2016,26000,22000,12800,23,80.7,38
"EL30",2017,26900,22500,13100,21.6,80.7,38.4
"EL30",2018,27600,23000,13000,19.9,81.1,39.3
"EL30",2019,28600,23800,13900,16.9,81.1,40.2
"EL30",2020,26200,21800,13300,14.1,81.1,41
"EL30",2021,29500,24100,15100,11.9,79.9,45
"EL30",2022,33000,26900,16100,10,80.9,45.6
"EL30",2023,36700,29700,17800,9.4,81.6,43.7
"EL30",2024,38200,31300,NA,9.1,81.9,44.6
"EL41",2008,18800,17200,14000,4.7,81.2,17.9
"EL41",2009,17900,16700,14000,6.6,80.8,18.3
"EL41",2010,16400,15700,13500,9.5,81.4,16.7
"EL41",2011,15000,14400,11600,15,81.6,18.6
"EL41",2012,14200,13200,10900,21.8,80.7,20.6
"EL41",2013,14600,12800,10200,22,81.9,27.4
"EL41",2014,15000,12800,10700,22.4,81.4,25.3
"EL41",2015,14800,12500,10900,18,81.5,22.9
"EL41",2016,14300,12100,10600,18.3,81.6,25.6
"EL41",2017,14000,11700,10900,22.5,81.3,24.2
"EL41",2018,13700,11400,10300,22.3,82.4,24.5
"EL41",2019,13600,11300,10800,17.7,82.2,26.9
"EL41",2020,11900,9900,10000,16.5,81.9,29.3
"EL41",2021,13100,10700,11100,13.9,82.8,27.9
"EL41",2022,14700,11900,11700,11.5,82.3,26.7
"EL41",2023,16200,13100,13100,10,83.6,26.7
"EL41",2024,16800,13800,NA,7.1,83,26.5
"EL42",2008,26600,24300,13500,8.4,81.5,12.1
"EL42",2009,24400,22800,13400,12.3,81.2,11.7
"EL42",2010,22600,21600,13900,14.6,81.1,12.3
"EL42",2011,20500,19600,12400,15.3,81.1,15
"EL42",2012,19300,17900,10900,15.5,81.4,16.6
"EL42",2013,21000,18400,10900,21.3,82.2,17.2
"EL42",2014,21600,18400,13700,20.1,81.3,17.8
"EL42",2015,21300,18000,14400,14.9,81.4,19.1
"EL42",2016,20400,17300,12300,17.5,81.5,17.4
"EL42",2017,20800,17400,13300,16,81.9,20.4
"EL42",2018,21500,17900,13700,16.9,82,20.8
"EL42",2019,22100,18400,15400,13.7,81.8,22.2
"EL42",2020,17300,14300,11500,16.7,82,22.5
"EL42",2021,20100,16400,14400,18.8,81.3,24.1
"EL42",2022,23400,19000,16300,10.7,81.7,28.6
"EL42",2023,26600,21600,18700,7.1,82.4,20.1
"EL42",2024,27900,22900,NA,9.9,82.3,22.2
"EL43",2008,20800,19000,13500,6.5,80.9,21
"EL43",2009,19800,18400,13100,9.1,81.3,19.6
"EL43",2010,18200,17400,11200,12,81.5,19.6
"EL43",2011,16000,15300,9600,15.9,81.5,20.6
"EL43",2012,14900,13800,8700,22.3,81.4,20.7
"EL43",2013,15700,13700,8700,25,82.3,21.6
"EL43",2014,16400,14000,10200,24,81.8,22
"EL43",2015,16500,14000,10200,24.3,81.6,24.1
"EL43",2016,16100,13600,10100,22.6,82,26.8
"EL43",2017,16800,14100,10700,17.7,81.7,27.9
"EL43",2018,17200,14300,10700,13.4,82.5,26.6
"EL43",2019,17600,14700,11700,11.7,82.1,26.3
"EL43",2020,15000,12500,10500,17.3,82.5,28
"EL43",2021,17300,14100,12100,16.3,81.6,27.6
"EL43",2022,20300,16500,13200,12.1,81.7,28.9
"EL43",2023,22600,18300,14900,10.8,82.3,28.4
"EL43",2024,23800,19500,NA,8.6,82.4,28.5
"EL51",2008,16700,15200,12800,8.8,79,18
"EL51",2009,16100,15000,12700,11.1,79.1,19.3
"EL51",2010,15600,14900,11500,14.6,79,18.4
"EL51",2011,13500,12900,10100,20.2,79.7,18.5
"EL51",2012,12900,11900,9300,22.9,79.8,19.3
"EL51",2013,12800,11200,8900,26.8,80,19.5
"EL51",2014,12900,11000,9500,24.3,80,20.5
"EL51",2015,12900,10900,9600,23.4,80,22.6
"EL51",2016,13100,11100,9600,22.8,80.3,24.6
"EL51",2017,13300,11100,10000,19.5,79.6,25
"EL51",2018,13600,11300,10000,16,80.8,25.1
"EL51",2019,13700,11400,10800,16.2,80.5,23.8
"EL51",2020,12700,10500,10000,17.2,79.6,24.4
"EL51",2021,14300,11700,11200,18.5,79,24.9
"EL51",2022,16100,13100,11600,14.7,79.8,27.6
"EL51",2023,17100,13800,12900,12.1,80.5,24.5
"EL51",2024,17800,14600,NA,11.6,80.4,23.7
"EL52",2008,18900,17300,13900,8.5,79.6,23.2
"EL52",2009,18000,16800,13600,10.1,80.1,24
"EL52",2010,16500,15700,12400,13.7,80.2,25.5
"EL52",2011,15100,14500,10900,19.8,80.7,26.6
"EL52",2012,14300,13300,10200,26.2,80.4,27.1
"EL52",2013,14400,12600,9800,30.2,81.3,27.1
"EL52",2014,14500,12400,10400,28.7,80.5,27.3
"EL52",2015,14900,12600,10400,26,80.4,29.1
"EL52",2016,15000,12800,10600,24.5,80.5,31.3
"EL52",2017,15400,12900,10900,22.9,80.8,31.1
"EL52",2018,16000,13300,10800,20.7,81.2,31.7
"EL52",2019,16300,13600,11700,19.6,81.1,31.4
"EL52",2020,15000,12500,11100,18.4,79.9,32.2
"EL52",2021,16700,13700,12400,16.1,79,33.3
"EL52",2022,19400,15800,13200,14.7,80.1,33.1
"EL52",2023,20900,17000,14500,14.1,81.5,34.2
"EL52",2024,21900,17900,NA,12.8,81.7,37.1
"EL53",2008,19200,17500,14100,12.5,80.3,17.6
"EL53",2009,19100,17800,14100,12.5,80.4,17.3
"EL53",2010,18900,18000,13100,15.4,80.9,18.4
"EL53",2011,18500,17700,11900,23.1,81.1,19.1
"EL53",2012,20500,19000,10800,29.7,80.9,17.8
"EL53",2013,20800,18200,10600,31.6,81.3,20.1
"EL53",2014,21500,18300,11300,27.6,81.5,22.3
"EL53",2015,20300,17200,11400,30.8,80.9,21.9
"EL53",2016,18800,15900,11000,31.3,81,21.8
"EL53",2017,19100,16000,11400,29.1,81.7,24.5
"EL53",2018,19100,15900,11400,27,82.4,26
"EL53",2019,18300,15200,12400,24.6,82,27.1
"EL53",2020,16100,13400,11900,19.7,81.4,26.6
"EL53",2021,17800,14600,13200,19.8,80.5,27.7
"EL53",2022,19300,15700,13800,17.7,81.3,27.6
"EL53",2023,19200,15500,15400,16.7,82.1,28.5
"EL53",2024,19200,15800,NA,12.5,82.3,28.3
"EL54",2008,15700,14300,13500,9.9,81.2,19.8
"EL54",2009,15000,14000,13700,11.3,82.2,19
"EL54",2010,14400,13800,12900,12.7,82.7,20.6
"EL54",2011,13300,12700,11300,16.5,82.2,23
"EL54",2012,12200,11300,10400,22.6,82.3,23.3
"EL54",2013,12700,11100,9900,27.4,82.6,25.6
"EL54",2014,12900,11000,10200,26.8,82.8,24.6
"EL54",2015,12900,10900,10200,24.6,82.4,25.8
"EL54",2016,13000,11000,10500,24.4,82.6,28.2
"EL54",2017,13200,11000,10800,24.8,82.8,30
"EL54",2018,13600,11300,10800,20.1,82.7,33.8
"EL54",2019,13800,11500,11700,16.4,83.3,31.8
"EL54",2020,12600,10400,11000,17.9,83,31.6
"EL54",2021,14000,11400,12400,15.1,82.2,30
"EL54",2022,15600,12700,13000,13.3,82.7,30.9
"EL54",2023,17000,13800,14400,13.8,83.5,36.3
"EL54",2024,17800,14600,NA,10.7,83.6,38.4
"EL61",2008,17700,16200,15200,8.4,80.4,22.7
"EL61",2009,16900,15700,14300,9.3,80.3,23.9
"EL61",2010,15100,14400,12600,12.1,81,23.9
"EL61",2011,13600,13000,11100,16.9,80.7,24.4
"EL61",2012,13300,12400,10100,22.7,80.8,23.8
"EL61",2013,13700,12000,9700,25.5,81.8,25.1
"EL61",2014,14100,12000,10200,25.6,81,26.3
"EL61",2015,14500,12300,10100,27.1,81.1,26.1
"EL61",2016,14400,12200,9900,25.5,81.2,25.6
"EL61",2017,14700,12300,10400,20.7,81.2,28.6
"EL61",2018,15300,12700,10300,18.4,81.9,32.1
"EL61",2019,15800,13200,11000,18.7,81.7,31.8
"EL61",2020,14700,12200,10500,16.9,81,30.3
"EL61",2021,17000,13900,11800,16.7,79.8,32.8
"EL61",2022,18600,15100,12200,16.4,81,33.5
"EL61",2023,20100,16300,13600,12.9,81.3,33.1
"EL61",2024,21000,17300,NA,10,82.2,34.3
"EL62",2008,23400,21400,13500,8.3,80.3,13
"EL62",2009,21500,20100,13400,9.5,80.6,12.4
"EL62",2010,19900,19000,13000,14.6,81.6,14.9
"EL62",2011,17100,16400,11300,14.2,81.5,16.9
"EL62",2012,16300,15100,11000,14.8,81.4,14.7
"EL62",2013,17100,14900,10600,18.1,81.6,17
"EL62",2014,17800,15200,12400,21.4,81.7,17.7
"EL62",2015,17600,14900,12500,19,81,19.5
"EL62",2016,17500,14800,12700,16,81.5,20.8
"EL62",2017,18000,15100,13400,19.7,81.2,20.1
"EL62",2018,18600,15500,14000,16,81.6,22.8
"EL62",2019,19200,16000,15500,12.4,81.7,24.6
"EL62",2020,15300,12700,12900,16,81.8,23.7
"EL62",2021,17800,14500,15500,13.2,80.8,18.8
"EL62",2022,20800,16900,17200,12.9,80.6,18.5
"EL62",2023,24000,19500,19400,14.7,81.7,22.3
"EL62",2024,25300,20800,NA,16.2,81.1,19.6
"EL63",2008,17900,16300,13800,9.9,80,18
"EL63",2009,16700,15600,13300,9.8,80.2,18.2
"EL63",2010,15900,15200,11900,11.9,80.3,20.2
"EL63",2011,14200,13600,10300,17.6,80.8,20.9
"EL63",2012,13600,12600,9100,25.6,80.4,20.6
"EL63",2013,13700,12000,8800,28.4,80.9,21.6
"EL63",2014,14100,12000,9300,28.7,81.4,22.6
"EL63",2015,14200,12100,9300,28.5,81,22.9
"EL63",2016,14000,11900,9400,29.8,81.2,22.7
"EL63",2017,14400,12100,9800,26.3,81.5,23.8
"EL63",2018,14500,12100,9700,24.1,81.8,21.9
"EL63",2019,14900,12400,10400,24.1,81.7,20.6
"EL63",2020,13700,11400,10100,21.6,81.8,25
"EL63",2021,15200,12400,11000,17.5,80.3,26
"EL63",2022,17500,14200,11700,12.6,80.3,25.4
"EL63",2023,18800,15200,13000,9.8,81.6,27.8
"EL63",2024,19500,16000,NA,10.1,81.8,25.6
"EL64",2008,21400,19500,13900,8.5,80.5,14.5
"EL64",2009,20100,18700,13900,10.5,81.2,15.4
"EL64",2010,18500,17700,11700,12.6,81.4,15.9
"EL64",2011,17000,16300,11000,19.1,80.9,17.3
"EL64",2012,16400,15200,9900,27.9,81.1,17.3
"EL64",2013,16400,14300,9400,28.2,82.2,18.3
"EL64",2014,16200,13800,10000,26.9,81.4,17.9
"EL64",2015,16500,14000,9800,26,81.3,19
"EL64",2016,16800,14200,9800,25,81.2,21.1
"EL64",2017,17500,14600,10000,20.9,81.5,23.3
"EL64",2018,18000,15000,9900,18.9,81.7,23.6
"EL64",2019,18300,15200,10600,17.2,81.3,23.2
"EL64",2020,17600,14600,10100,19.3,81.7,25.2
"EL64",2021,19600,16000,11200,17.2,80.2,24.7
"EL64",2022,22300,18200,11900,13.8,80.7,22.7
"EL64",2023,22800,18500,13300,9.9,81.6,20
"EL64",2024,23900,19600,NA,8.6,82.1,21.1
"EL65",2008,19100,17400,13500,7.1,80.8,16.9
"EL65",2009,18300,17000,13700,8,80.6,15
"EL65",2010,17100,16300,12500,9.7,80.9,15.5
"EL65",2011,15800,15100,10700,13.8,81.2,17.3
"EL65",2012,15300,14200,10000,19.2,80.7,17.7
"EL65",2013,15600,13700,9500,22,82,19.1
"EL65",2014,15800,13500,10100,23.4,81.6,19.3
"EL65",2015,16300,13800,10000,22.3,81.1,20.8
"EL65",2016,16400,13900,10100,19.2,81.9,21.4
"EL65",2017,17100,14300,10500,16.8,81.6,23
"EL65",2018,17300,14400,10400,14.4,81.7,23.8
"EL65",2019,17700,14800,11300,12,81.8,23.8
"EL65",2020,16300,13500,10700,11.4,81.7,23.9
"EL65",2021,18000,14700,11900,12.7,80.6,24.7
"EL65",2022,20800,16900,12600,12.6,80.8,26.5
"EL65",2023,22000,17800,14100,9.6,81.5,26.2
"EL65",2024,22700,18700,NA,7.6,81.8,26.1
"ES11",2008,22600,21100,13700,8.6,81.6,29.3
"ES11",2009,21300,20300,13100,12.4,81.7,29.7
"ES11",2010,21300,20500,12900,15.3,82.3,30.1
"ES11",2011,21000,20100,13000,17.3,82.5,31
"ES11",2012,20800,19500,12500,20.6,82.5,31.3
"ES11",2013,21000,19600,12800,22.1,82.9,32.1
"ES11",2014,21500,19900,13100,21.7,83,33.4
"ES11",2015,22600,20900,13800,19.3,82.6,35.2
"ES11",2016,23300,21600,14100,17.2,82.7,35.7
"ES11",2017,24400,22400,14700,15.7,83.1,36.5
"ES11",2018,24900,23200,14900,13.3,83.1,36.9
"ES11",2019,25700,23900,15600,11.8,83.6,37.9
"ES11",2020,23000,21900,15100,12,83.4,40.3
"ES11",2021,25900,23900,16200,11.6,83.5,41.4
"ES11",2022,29300,26600,17300,11,83.2,42.2
"ES11",2023,32200,28700,19800,9.7,83.7,41.4
"ES11",2024,33700,30200,NA,9.4,84.2,42.2
"ES12",2008,23500,22000,15400,8.5,80.9,30.6
"ES12",2009,21800,20800,14500,13.4,81.3,32.1
"ES12",2010,21900,21000,14300,15.9,81.5,32.8
"ES12",2011,21600,20700,14500,17.8,81.7,35.1
"ES12",2012,21100,19900,13900,21.8,81.8,35.9
"ES12",2013,20800,19500,14200,24.1,82.5,37.7
"ES12",2014,21200,19600,14400,21.1,82.1,38.7
"ES12",2015,22200,20500,15300,19.1,82.2,39.6
"ES12",2016,22600,20900,15300,17.6,82.4,40.7
"ES12",2017,23800,21900,16000,13.7,82.6,41.6
"ES12",2018,24300,22700,16200,13.6,82.7,43.1
"ES12",2019,25000,23200,16900,14.2,82.9,43.3
"ES12",2020,22200,21100,16500,14.1,82.1,44.2
"ES12",2021,25400,23400,17800,12.3,82.8,44.6
"ES12",2022,29300,26500,19100,12.5,82.5,43.3
"ES12",2023,31600,28100,21600,12.1,83.1,43.6
"ES12",2024,33100,29700,NA,10.1,83.4,44.3
"ES13",2008,24400,22900,15200,7.2,81.8,33.4
"ES13",2009,22900,21800,14400,12,82.3,33.8
"ES13",2010,22700,21900,13900,13.7,82.5,35.7
"ES13",2011,22400,21400,14000,15.3,82.8,35.2
"ES13",2012,22000,20700,13300,17.8,82.8,36.1
"ES13",2013,21700,20300,13700,20.5,83.4,37.2
"ES13",2014,22500,20700,13900,19.4,82.8,37.4
"ES13",2015,23100,21300,14700,17.7,82.7,38.1
"ES13",2016,23900,22100,15200,14.9,83.2,39.1
"ES13",2017,25000,22900,15900,13.6,83.3,40.4
"ES13",2018,25600,23800,16200,10.7,83.4,40.6
"ES13",2019,26400,24500,16600,10.3,83.6,42
"ES13",2020,23500,22300,15800,12.2,83,42.5
"ES13",2021,26300,24300,17100,11.3,83.7,43.5
"ES13",2022,29300,26500,18200,9.6,83,45.3
"ES13",2023,31900,28400,20300,8.1,84.2,49.4
"ES13",2024,33400,29900,NA,7.8,84,48.8
"ES21",2008,32800,30600,19500,6.6,82,41.7
"ES21",2009,30700,29200,18500,11.3,82.3,43.3
"ES21",2010,30800,29500,18400,10.7,82.8,43.7
"ES21",2011,30500,29300,18300,12.4,82.9,44.5
"ES21",2012,30400,28600,17600,15.6,83.1,46
"ES21",2013,30200,28300,18100,16.6,83.7,46.8
"ES21",2014,31200,28800,18200,16.3,83.4,47
"ES21",2015,32400,30000,18900,14.8,83.1,47.8
"ES21",2016,33300,30800,19300,12.6,83.5,48.6
"ES21",2017,34700,31900,20100,11.3,83.6,49.7
"ES21",2018,35200,32800,20200,10,83.7,49.6
"ES21",2019,36200,33600,21100,9.2,84,50.8
"ES21",2020,31700,30100,20000,9.5,83.2,53.4
"ES21",2021,35700,32900,21600,10.3,83.8,55
"ES21",2022,40000,36300,23400,8.9,83.5,55
"ES21",2023,43800,39000,26800,7.7,84.5,55.7
"ES21",2024,45800,41000,NA,8.1,84.7,56.2
"ES22",2008,32000,29900,18300,6.8,82.6,35.5
"ES22",2009,30000,28600,17400,10.8,83.3,35.9
"ES22",2010,29700,28500,17500,11.9,84.1,38.7
"ES22",2011,29500,28300,17600,13,83.9,39.9
"ES22",2012,28900,27200,16600,16.2,83.8,40.2
"ES22",2013,29100,27200,17000,18,84,40.3
"ES22",2014,30000,27700,17200,15.7,83.5,42.7
"ES22",2015,31100,28800,18000,13.8,83.8,42.3
"ES22",2016,32000,29600,18200,12.5,83.8,44.5
"ES22",2017,33400,30600,18700,10.2,83.9,45.5
"ES22",2018,33500,31200,18500,10,84.2,45.4
"ES22",2019,34600,32100,19100,8.2,84.6,47.1
"ES22",2020,30500,29000,17800,10.1,83.3,48.4
"ES22",2021,34100,31500,19300,10.7,84.3,48.7
"ES22",2022,38300,34700,20600,9.7,83.8,48.3
"ES22",2023,41500,37000,23700,9.9,84.9,48.3
"ES22",2024,43600,39100,NA,7.6,84.7,50.1
"ES23",2008,27800,26000,15300,7.9,82.1,30.6
"ES23",2009,26000,24700,14600,12.7,83,35.2
"ES23",2010,26100,25000,14400,14.2,83.3,35.6
"ES23",2011,25800,24700,14600,17.2,83.2,33.1
"ES23",2012,25500,24000,13900,20.6,83,34.3
"ES23",2013,25600,23900,14300,20,84,35.2
"ES23",2014,26600,24600,14600,18.2,83.8,36.9
"ES23",2015,27700,25600,15400,15.4,83.4,39.3
"ES23",2016,27800,25700,15700,13.5,83.9,37.4
"ES23",2017,28900,26600,16200,12,83.7,37.9
"ES23",2018,29500,27500,16400,10.4,83.7,38.7
"ES23",2019,30200,28000,16900,10,83.9,38.3
"ES23",2020,27000,25700,16200,10.8,82.5,38.5
"ES23",2021,29700,27400,17300,11.6,83.3,40
"ES23",2022,33600,30400,18500,9.6,83.2,41.8
"ES23",2023,36400,32400,21000,9.4,84.2,40.2
"ES23",2024,38100,34100,NA,9.7,83.9,41.6
"ES24",2008,28400,26500,15900,7.3,82.1,31.9
"ES24",2009,26400,25100,15300,13.1,82.3,31.6
"ES24",2010,26400,25400,15100,15,82.6,33.3
"ES24",2011,26100,25000,15300,17.1,82.7,35
"ES24",2012,25500,24000,14600,18.7,83,35.1
"ES24",2013,25900,24200,15000,21.4,83.4,34.8
"ES24",2014,26600,24600,15100,20.2,82.9,35.7
"ES24",2015,27200,25200,15800,16.3,82.8,35.6
"ES24",2016,28400,26200,16200,14.8,83.4,36.3
"ES24",2017,29800,27400,16800,11.7,83.3,36.6
"ES24",2018,30400,28300,16900,10.6,83.5,38.4
"ES24",2019,31300,29000,17700,10,84,39.3
"ES24",2020,28500,27000,17100,11.7,82.4,39.7
"ES24",2021,31600,29100,18300,10.3,83.3,40.5
"ES24",2022,36100,32700,19500,9.6,83,42.5
"ES24",2023,39000,34700,22000,8.6,84.1,42.9
"ES24",2024,40900,36700,NA,8.1,84.3,41.3
"ES30",2008,34300,32100,17800,8.6,82.9,39.3
"ES30",2009,33000,31400,17600,13.9,83.3,38.9
"ES30",2010,32300,31100,17600,15.9,83.9,41.6
"ES30",2011,32500,31100,17700,16.4,84.2,43.1
"ES30",2012,32500,30600,16900,18.6,84.2,44.5
"ES30",2013,32400,30300,17300,19.8,84.8,46
"ES30",2014,33300,30800,17800,18.8,84.3,47.2
"ES30",2015,34900,32300,18800,17.1,84,46.9
"ES30",2016,36000,33300,19300,15.7,84.6,46.6
"ES30",2017,37700,34600,19900,13.4,84.5,47
"ES30",2018,38200,35600,19800,12.2,84.9,47.2
"ES30",2019,39400,36600,20800,10.6,85.1,49.1
"ES30",2020,34600,32900,19500,12.5,82.3,50.2
"ES30",2021,38700,35700,21100,11.7,84.7,49.7
"ES30",2022,43300,39200,21900,11.2,84.8,49.8
"ES30",2023,47900,42600,25100,10,85.5,50.5
"ES30",2024,49900,44700,NA,9,85.7,50.9
"ES41",2008,23600,22100,14600,9.6,82.5,30.2
"ES41",2009,22500,21400,13900,14,83.1,30.9
"ES41",2010,22400,21500,13800,15.8,83.4,31.5
"ES41",2011,22300,21400,13800,16.9,83.7,33.3
"ES41",2012,22100,20800,13500,19.8,83.5,34
"ES41",2013,21900,20500,13600,21.8,84,33.7
"ES41",2014,22400,20700,13800,20.8,83.6,34.5
"ES41",2015,23400,21600,14600,18.3,83.6,34.7
"ES41",2016,24200,22400,14900,15.8,83.9,34.3
"ES41",2017,25100,23100,15400,14.1,83.9,35.3
"ES41",2018,26000,24200,15800,12.1,84,36.2
"ES41",2019,26800,24800,16500,11.6,84.3,38.4
"ES41",2020,24200,22900,16000,12.1,82.5,39
"ES41",2021,27100,25000,17200,11.6,84,39.3
"ES41",2022,30400,27500,18000,9.9,83.7,39.8
"ES41",2023,32900,29300,20500,9.7,84.6,40.8
"ES41",2024,34500,30900,NA,9.4,84.8,42
"ES42",2008,21300,19900,12200,11.7,82,21.9
"ES42",2009,19900,19000,11900,18.9,82.6,23.7
"ES42",2010,19600,18900,11900,21.2,83.1,24
"ES42",2011,19400,18600,11800,23.1,83.2,25.3
"ES42",2012,19100,17900,11300,28.6,83,25.3
"ES42",2013,19000,17700,11700,30,83.5,26.2
"ES42",2014,18900,17500,11800,29,83.3,27.2
"ES42",2015,20000,18500,12500,26.4,82.9,27.5
"ES42",2016,20700,19100,12800,23.6,83.3,27.4
"ES42",2017,21800,20000,13400,20.8,83,27.6
"ES42",2018,22300,20800,13500,18.2,83.5,28.4
"ES42",2019,22900,21300,14100,16.2,83.6,30
"ES42",2020,20700,19700,13800,17.7,81.2,30.8
"ES42",2021,23300,21500,14900,15.7,83.1,31.3
"ES42",2022,26700,24200,15900,14.6,83.3,31.4
"ES42",2023,28200,25100,17600,13.2,83.9,32.7
"ES42",2024,29300,26300,NA,13.3,83.9,33.6
"ES43",2008,18500,17300,11200,15.4,81.3,22.1
"ES43",2009,17600,16700,10700,20.6,81.3,22.5
"ES43",2010,17600,17000,10900,23,81.5,23.3
"ES43",2011,17300,16600,10900,25.1,82.1,24.3
"ES43",2012,17000,16000,10500,33.1,81.7,23.7
"ES43",2013,17100,16000,10900,33.9,82.2,24.5
"ES43",2014,17400,16100,11000,29.8,82.4,26.8
"ES43",2015,18400,17000,11600,29.1,82,26.5
"ES43",2016,19000,17600,12000,27.5,82.4,25.1
"ES43",2017,20400,18800,12600,26.3,82.3,26.5
"ES43",2018,20800,19400,12700,23.7,82.6,26.5
"ES43",2019,21400,19900,13200,21.6,82.9,26.8
"ES43",2020,19300,18400,13100,21.8,81.8,26.7
"ES43",2021,22100,20400,14200,20.2,82.2,29.2
"ES43",2022,24600,22200,14800,17.3,82.4,31.8
"ES43",2023,26800,23900,16900,17.4,83.1,34.5
"ES43",2024,28100,25200,NA,15.5,83.2,35.1
"ES51",2008,30200,28200,16700,8.9,81.9,29.9
"ES51",2009,28300,27000,16300,16.2,82.2,30.6
"ES51",2010,28200,27100,16300,17.7,82.7,31.4
"ES51",2011,27800,26600,16100,19.2,82.9,32.2
"ES51",2012,27600,25900,15500,22.5,82.8,32.8
"ES51",2013,27700,25900,15800,23.1,83.4,34.8
"ES51",2014,28700,26600,16200,20.3,83.2,37
"ES51",2015,30100,27800,17100,18.6,83.1,37.5
"ES51",2016,31100,28800,17400,15.7,83.5,38.6
"ES51",2017,32400,29800,17800,13.4,83.4,39.3
"ES51",2018,32800,30500,17700,11.5,83.4,40.8
"ES51",2019,33700,31300,18500,11,83.9,42.4
"ES51",2020,29300,27800,17400,12.6,82.2,42.3
"ES51",2021,32900,30400,19000,11.7,83.4,42.5
"ES51",2022,36500,33000,19500,10,83.5,43.6
"ES51",2023,40000,35600,22100,9.3,84,44.8
"ES51",2024,41800,37500,NA,8.9,84.3,45.9
"ES52",2008,23300,21800,13400,12,81.1,26.6
"ES52",2009,21500,20500,12700,20.8,81.6,26.7
"ES52",2010,21300,20400,12700,22.9,81.9,28.4
"ES52",2011,20900,20100,12800,24,82.1,29.8
"ES52",2012,20400,19200,12100,27.2,82.1,30.1
"ES52",2013,20500,19100,12400,28.1,82.8,30.8
"ES52",2014,21300,19600,12600,25.8,82.5,32
"ES52",2015,22200,20500,13400,22.8,82.2,32.5
"ES52",2016,22800,21100,13600,20.6,82.6,32.9
"ES52",2017,23900,22000,14100,18.2,82.5,33.3
"ES52",2018,24400,22700,14200,15.6,82.6,35.7
"ES52",2019,25000,23200,14900,14.1,83,36.9
"ES52",2020,22100,21000,14300,16.2,82.3,38
"ES52",2021,24900,22900,15400,16.1,82.2,38.2
"ES52",2022,27300,24700,15800,13.3,82.5,37.2
"ES52",2023,29800,26500,17700,12.8,83.2,38.6
"ES52",2024,30800,27600,NA,12.6,83.5,38.2
"ES53",2008,28200,26400,15500,10.2,81.4,20.8
"ES53",2009,26100,24800,14800,17.9,81.3,22.1
"ES53",2010,25700,24600,14500,20.1,81.8,22.6
"ES53",2011,25400,24300,14600,21.9,82.2,23.7
"ES53",2012,25300,23800,14000,23.2,82.1,24.8
"ES53",2013,25400,23700,14200,22.3,82.9,26.8
"ES53",2014,26500,24500,14500,20,82.6,27.9
"ES53",2015,27800,25700,15500,17.3,82.3,27.2
"ES53",2016,29100,26900,16000,13.9,82.9,29.2
"ES53",2017,30500,28000,16400,12.4,82.7,31.2
"ES53",2018,31000,28900,16600,11.5,83,29.7
"ES53",2019,31700,29500,17400,11.8,83.5,31.9
"ES53",2020,23800,22600,15200,16.1,83.2,34.8
"ES53",2021,28000,25800,16900,14.3,83,36.3
"ES53",2022,34300,31000,18400,10.6,82.9,33.8
"ES53",2023,38200,34000,21100,10.3,83.7,33.5
"ES53",2024,40300,36100,NA,9.3,83.5,34.6
"ES61",2008,19900,18600,11800,17.7,80.1,24.7
"ES61",2009,18600,17700,11500,25.3,80.5,25.2
"ES61",2010,18300,17600,11300,27.8,81,25.7
"ES61",2011,18100,17300,11300,30.1,81.1,25.8
"ES61",2012,17600,16600,10800,34.4,81.1,26.5
"ES61",2013,17500,16400,11000,36.2,81.8,27.3
"ES61",2014,18000,16600,11100,34.8,81.7,27.6
"ES61",2015,18900,17500,11800,31.6,81.4,28.3
"ES61",2016,19300,17900,11900,28.9,81.9,29.1
"ES61",2017,20400,18700,12300,25.5,81.8,29.6
"ES61",2018,20700,19300,12700,23,81.8,30.3
"ES61",2019,21300,19700,13200,21.2,82.3,31.2
"ES61",2020,18700,17800,12900,22.3,81.5,32.5
"ES61",2021,21200,19600,14000,21.9,81.5,34
"ES61",2022,23800,21600,14600,19.1,81.9,35
"ES61",2023,26000,23200,16300,18.3,82.5,35.8
"ES61",2024,27400,24500,NA,16.5,82.9,36.2
"ES62",2008,22100,20600,12200,12.4,80.6,24.9
"ES62",2009,20400,19400,11700,20.3,81.1,24.4
"ES62",2010,20300,19500,11800,22.9,81.9,24.4
"ES62",2011,19800,19000,11800,25,82,25.3
"ES62",2012,19600,18400,11300,27.6,81.9,26.3
"ES62",2013,19800,18500,11600,29,82.7,28.2
"ES62",2014,20100,18600,11600,26.6,82.5,27.1
"ES62",2015,21500,19900,12300,24.6,82.2,27.9
"ES62",2016,22100,20400,12500,19.8,82.5,28.4
"ES62",2017,23000,21100,12900,18,82.4,29.9
"ES62",2018,23000,21400,13200,16.8,82.7,31.2
"ES62",2019,23700,22000,13900,14.7,82.7,31.5
"ES62",2020,21200,20100,13300,16.2,82.3,32.8
"ES62",2021,23900,22100,14600,14.7,82.2,33.7
"ES62",2022,26800,24300,15500,13.6,82,30.9
"ES62",2023,28700,25500,17600,12.8,82.8,32.7
"ES62",2024,30100,26900,NA,12.7,83.5,33
"FI19",2008,28000,32900,13700,6.5,80.2,33.7
"FI19",2009,25600,30400,13700,9,80.4,35
"FI19",2010,26500,31500,14300,9,80.6,36
"FI19",2011,27800,33500,14700,8.3,80.7,36.2
"FI19",2012,27400,33700,14800,8.2,81,36.5
"FI19",2013,26700,33500,15000,8.5,81.4,38.5
"FI19",2014,26600,33700,15000,8.7,81.1,39.2
"FI19",2015,27100,34200,15200,9.8,81.6,40.9
"FI19",2016,27300,34700,15400,9.4,81.5,41.2
"FI19",2017,28500,35900,15800,9.3,81.7,41.4
"FI19",2018,29500,37100,16000,7.4,81.8,42.2
"FI19",2019,29800,37900,16400,6.4,82.2,43.8
"FI19",2020,30100,37800,16600,7.7,82.2,45.9
"FI19",2021,32300,40100,17100,7.7,82.2,40.1
"FI19",2022,34200,42700,17800,6.3,81.2,40.7
"FI19",2023,36000,44400,18400,6.7,81.4,41.6
"FI19",2024,37000,44500,NA,7.8,82.3,41.4
"FI1B",2008,41600,48900,16100,4.8,80.6,45
"FI1B",2009,39300,46600,16600,6.2,80.6,45.5
"FI1B",2010,40300,47900,17300,6.4,80.5,46.8
"FI1B",2011,40300,48600,17700,5.8,81,49.2
"FI1B",2012,39500,48500,17600,6.3,81.1,48.9
"FI1B",2013,39700,49700,17400,6.7,81.7,49.3
"FI1B",2014,39100,49500,17600,7.3,81.6,50.2
"FI1B",2015,40400,51000,18000,8,81.7,51.3
"FI1B",2016,40900,51900,18200,7.4,81.8,51.6
"FI1B",2017,42600,53500,18400,7.7,82,51.4
"FI1B",2018,43700,55000,19200,6.9,82.2,52
"FI1B",2019,44700,56800,19500,6.4,82.3,53.7
"FI1B",2020,44100,55400,19500,7.2,82,54.9
"FI1B",2021,46500,57600,20700,7.7,82.1,49.8
"FI1B",2022,48400,60400,21500,6.7,81.6,50.5
"FI1B",2023,50400,62200,23400,7.6,82.1,49.3
"FI1B",2024,51000,61300,NA,8.9,82.8,49.1
"FI1C",2008,27700,32600,14000,6.2,79.7,34.1
"FI1C",2009,25100,29700,14100,8.1,79.6,33.8
"FI1C",2010,25100,29900,14600,9.1,79.9,34.2
"FI1C",2011,26700,32200,15000,8.5,80.5,35.4
"FI1C",2012,26700,32900,15100,7.5,80.5,36
"FI1C",2013,26100,32800,15300,8.4,80.8,36.2
"FI1C",2014,26300,33300,15300,9.4,80.9,38.1
"FI1C",2015,26600,33600,15600,10,81.2,38.9
"FI1C",2016,27200,34600,15700,9.1,81.1,38.8
"FI1C",2017,29000,36400,16200,8.5,81.3,39.8
"FI1C",2018,29700,37400,16500,7.4,81.4,40.9
"FI1C",2019,30000,38200,17100,6.3,81.5,42.6
"FI1C",2020,30100,37800,17100,7.7,81.8,43.5
"FI1C",2021,32100,39800,17600,7.5,81.5,38
"FI1C",2022,33900,42300,18200,7.6,81.3,37.3
"FI1C",2023,34300,42200,19200,7.5,81.3,37.8
"FI1C",2024,35700,42900,NA,8.9,81.9,38.5
"FI1D",2008,25100,29500,13000,8.7,79.1,31.4
"FI1D",2009,22500,26800,13000,10.5,79.6,32.4
"FI1D",2010,23600,28100,13700,10.1,79.8,33.2
"FI1D",2011,24600,29700,14100,9.4,80.1,33.8
"FI1D",2012,24500,30100,14200,9.5,80.2,34.6
"FI1D",2013,24300,30500,14400,9.9,80.4,35.2
"FI1D",2014,24500,31000,14500,10,80.5,36.8
"FI1D",2015,24600,31000,14700,10.4,80.9,36.7
"FI1D",2016,25400,32200,14900,10.2,80.8,37.5
"FI1D",2017,26700,33600,15500,9.6,80.9,39.1
"FI1D",2018,27600,34700,15800,8.1,81,39.5
"FI1D",2019,28000,35600,16300,7.8,81.3,40.3
"FI1D",2020,28400,35600,16200,8.8,81.3,42
"FI1D",2021,30300,37600,16200,7.8,81.2,37.6
"FI1D",2022,33300,41500,17100,6.7,80.7,38.2
"FI1D",2023,33700,41500,17600,6.9,81.2,38
"FI1D",2024,35400,42500,NA,7.8,81.7,37.9
"FI20",2008,33900,39900,17100,NA,81.4,30
"FI20",2009,35200,41800,17100,NA,82,29.9
"FI20",2010,34900,41500,17800,NA,83.2,27.6
"FI20",2011,35200,42500,18400,NA,82.1,26.4
"FI20",2012,37300,45900,17800,NA,79.7,32.7
"FI20",2013,37400,46900,18000,NA,82.5,33.8
"FI20",2014,37700,47700,17900,NA,82.9,32
"FI20",2015,37500,47400,18600,NA,82.5,29.9
"FI20",2016,36600,46400,18700,NA,81,29.2
"FI20",2017,37300,46900,18600,NA,83.7,30.4
"FI20",2018,34500,43400,18700,NA,83.1,36.4
"FI20",2019,35500,45200,19000,NA,83.6,34.8
"FI20",2020,31500,39500,19000,NA,83.2,41.6
"FI20",2021,35700,44200,20000,NA,84.3,37.5
"FI20",2022,39200,48900,20700,NA,82.9,36.1
"FI20",2023,43600,53800,22000,NA,84.9,32.3
"FI20",2024,44400,53400,NA,NA,83.3,32.4
"FR10",2008,43200,49100,19200,6.9,82.9,38.1
"FR10",2009,41600,47500,19100,8.1,83.1,39.6
"FR10",2010,44400,50100,19900,8.6,83.3,39.7
"FR10",2011,45000,50800,20100,8.2,83.6,40.8
"FR10",2012,45200,51600,20200,8.1,83.6,41.2
"FR10",2013,46700,52500,20200,9,83.9,41.9
"FR10",2014,47100,53100,20400,9.7,83.7,43.9
"FR10",2015,48100,54100,20500,9.6,83.4,46.3
"FR10",2016,48900,54900,20700,9.2,83.7,47.3
"FR10",2017,49900,56000,21100,8.7,83.8,47.9
"FR10",2018,51600,57600,21100,8.8,83.9,49.3
"FR10",2019,55100,59800,22100,7.9,84.1,51.5
"FR10",2020,50700,55100,22000,8.2,82.6,54.3
"FR10",2021,53800,59400,22800,8,83.5,54.4
"FR10",2022,57100,63200,24400,7.6,83.8,55
"FR10",2023,61500,66800,26500,7.6,84.5,56.5
"FR10",2024,64000,69500,NA,8,84.6,56.5
"FRB0",2008,23200,26400,16100,5.5,81.3,21.1
"FRB0",2009,22500,25700,15900,6.7,81.4,23.7
"FRB0",2010,23100,26100,16300,7,81.6,24.9
"FRB0",2011,23700,26800,16600,8.3,82.4,25.4
"FRB0",2012,23600,26900,16500,10.8,82.2,27.5
"FRB0",2013,24100,27100,16500,10.6,82.3,27.1
"FRB0",2014,24300,27400,16500,9.5,82.4,27.4
"FRB0",2015,24700,27800,16500,10.7,82.1,29
"FRB0",2016,24900,27900,16600,9.9,82.3,29.4
"FRB0",2017,25500,28600,16800,8.5,82.3,30.3
"FRB0",2018,26000,29000,17200,8.4,82.4,31.8
"FRB0",2019,27400,29700,17600,8.2,82.4,31.7
"FRB0",2020,26400,28700,17800,8.9,82.3,31.9
"FRB0",2021,27600,30500,18300,7.2,82.1,32.7
"FRB0",2022,28500,31500,19400,6.4,81.9,34.9
"FRB0",2023,32000,34800,21000,5.7,82.6,37.8
"FRB0",2024,32600,35500,NA,5.6,82.6,38.7
"FRC1",2008,23800,27100,15500,6.4,80.9,20.7
"FRC1",2009,22700,26000,15400,7.9,81.2,23.7
"FRC1",2010,22900,25800,15800,8.9,81.5,22.4
"FRC1",2011,23800,26900,16200,8.8,81.4,22.5
"FRC1",2012,23600,26900,16200,8.8,81.7,24.9
"FRC1",2013,24200,27200,16400,10.6,81.9,26.8
"FRC1",2014,24700,27800,16500,10.7,81.9,27.6
"FRC1",2015,24900,28000,16400,8.8,81.7,25.9
"FRC1",2016,24700,27700,16400,9.6,82,27.7
"FRC1",2017,25700,28900,16600,10.7,81.8,30.3
"FRC1",2018,26500,29600,16900,8.9,82.1,30.2
"FRC1",2019,27700,30000,17300,7.5,82.2,31.9
"FRC1",2020,27000,29300,17500,7.8,81.7,35
"FRC1",2021,28200,31100,17900,7.1,82.1,35.9
"FRC1",2022,29700,32800,19000,6.7,81.7,34.5
"FRC1",2023,32000,34700,20700,7.3,82.3,36.4
"FRC1",2024,33000,35900,NA,6.7,82.4,36
"FRC2",2008,22800,26000,15300,6.9,81.4,22.8
"FRC2",2009,21800,24900,15000,8.9,81.4,23.2
"FRC2",2010,22300,25200,15400,8.2,81.8,22.3
"FRC2",2011,22800,25800,16100,7.9,81.9,23.1
"FRC2",2012,21600,24700,15700,9,81.9,24.2
"FRC2",2013,22000,24800,15800,9.5,82.4,28.2
"FRC2",2014,22500,25400,16000,9.9,82.2,27.3
"FRC2",2015,23100,25900,16100,9.3,82,25.7
"FRC2",2016,23500,26400,16300,8.1,82.2,30.4
"FRC2",2017,24000,26900,16600,6.9,82.3,32.5
"FRC2",2018,24200,27000,16800,7.2,82.2,30.1
"FRC2",2019,25800,28000,17100,8.2,82.5,29.1
"FRC2",2020,25000,27100,17300,5.6,81.5,33.8
"FRC2",2021,25600,28300,18000,7,82.2,32.7
"FRC2",2022,26500,29300,18800,5.9,82,36.8
"FRC2",2023,28800,31200,20300,5.7,82.2,36.9
"FRC2",2024,29400,31900,NA,5.3,82.3,36.8
"FRD1",2008,23200,26400,15600,6.3,81.2,24.6
"FRD1",2009,22400,25600,15300,6.9,81.2,25
"FRD1",2010,22700,25700,15600,8.2,81.5,24.7
"FRD1",2011,23600,26700,16000,9.2,82,24.7
"FRD1",2012,23000,26300,16000,8.8,81.5,25.3
"FRD1",2013,23800,26800,16100,9.1,82,25.8
"FRD1",2014,23900,26900,16300,8.2,81.9,24.4
"FRD1",2015,24300,27300,16200,8.2,81.8,26.9
"FRD1",2016,24500,27500,16300,8.6,82,25.3
"FRD1",2017,24400,27400,16600,8.1,82.2,23.8
"FRD1",2018,25200,28200,16900,8,82.1,28.5
"FRD1",2019,26600,28800,17300,8.2,82.2,28.2
"FRD1",2020,25700,27900,17500,6.1,81.9,32.6
"FRD1",2021,26800,29500,18000,6.4,81.6,34.6
"FRD1",2022,28000,31000,19100,6.2,81.4,33.8
"FRD1",2023,31200,33900,20800,6,82.3,38.6
"FRD1",2024,31900,34600,NA,7.3,82.3,39.6
"FRD2",2008,24400,27700,15600,8.4,80.2,19
"FRD2",2009,23200,26500,15500,10,80.3,19.2
"FRD2",2010,24300,27500,15700,9.7,80.7,21.8
"FRD2",2011,24900,28100,15900,8.9,81.1,23.7
"FRD2",2012,24800,28400,16100,10.9,81,26
"FRD2",2013,25600,28800,16100,11.6,81.2,25.2
"FRD2",2014,25600,28800,16200,12,81.1,24.8
"FRD2",2015,26000,29300,16100,10.6,81,27.7
"FRD2",2016,25700,28900,16100,11.5,81.3,27.1
"FRD2",2017,26200,29400,16400,11.3,81.4,27.4
"FRD2",2018,26500,29500,16800,9.3,81.4,27
"FRD2",2019,27800,30100,17200,9.9,81.5,28.9
"FRD2",2020,26600,28900,17400,8.3,81,31.8
"FRD2",2021,28100,31000,17900,7.6,81.3,33.8
"FRD2",2022,29600,32800,19000,7.9,81,35.4
"FRD2",2023,32200,35000,20600,6.9,81.8,35
"FRD2",2024,33000,35800,NA,7.6,81.9,36.9
"FRE1",2008,22000,25000,14200,11,78.6,22.8
"FRE1",2009,21200,24200,14100,13.2,78.9,24.4
"FRE1",2010,21700,24400,14500,12.5,79.3,26
"FRE1",2011,22400,25300,14400,12.3,79.6,25.4
"FRE1",2012,22000,25100,14400,13.1,79.6,26.1
"FRE1",2013,22600,25400,14500,14.7,79.8,27.6
"FRE1",2014,22900,25800,14600,13.8,80.2,29
"FRE1",2015,23400,26300,14700,13.8,80,27.8
"FRE1",2016,23600,26500,14700,13.3,80.3,28.6
"FRE1",2017,24300,27200,14900,12.9,80.5,29.7
"FRE1",2018,24900,27700,15200,12.2,80.4,31.9
"FRE1",2019,26100,28300,15800,11.2,80.9,33
"FRE1",2020,25300,27400,16000,9.1,80.2,32.1
"FRE1",2021,26400,29100,16500,8.8,80.3,35.8
"FRE1",2022,27600,30500,17500,8.7,80.4,34.6
"FRE1",2023,30000,32600,18900,9.8,81.1,34.9
"FRE1",2024,30800,33500,NA,9.5,81.3,38
"FRE2",2008,21000,23900,15600,7.2,79.3,20.1
"FRE2",2009,20100,22900,15300,10.3,79.6,21.6
"FRE2",2010,20700,23400,15400,11.4,80.1,19.7
"FRE2",2011,21300,24000,15700,9,80.4,19.8
"FRE2",2012,21200,24200,15600,10.6,80.3,20.2
"FRE2",2013,21600,24300,15500,11.5,80.6,21.4
"FRE2",2014,21600,24300,15400,11.6,80.7,22
"FRE2",2015,22200,25000,15300,10.8,80.5,24.1
"FRE2",2016,21900,24600,15200,11.5,80.8,22.7
"FRE2",2017,22700,25500,15400,10,80.9,24.1
"FRE2",2018,22900,25500,16000,9.2,81.1,28.1
"FRE2",2019,24200,26300,16600,9.1,81.2,28.1
"FRE2",2020,23200,25200,16600,8.6,80.3,32.6
"FRE2",2021,24400,26900,17000,9.7,80.5,31.6
"FRE2",2022,25900,28700,18200,9.1,80.9,31.8
"FRE2",2023,28200,30700,19600,9.1,81.4,32.6
"FRE2",2024,29200,31700,NA,7.6,81.6,33.9
"FRF1",2008,26300,29800,16000,5.9,81.6,28.8
"FRF1",2009,25300,28900,15800,8.2,81.3,29.5
"FRF1",2010,25600,28900,16200,8.1,81.8,30.9
"FRF1",2011,26500,29900,16500,7.4,82.4,29.4
"FRF1",2012,25900,29600,16400,8.5,82.4,28.8
"FRF1",2013,26700,30000,16500,9.7,82.3,29.9
"FRF1",2014,27100,30500,16600,10.1,82.3,30.5
"FRF1",2015,27400,30800,16800,9.1,82.1,32.4
"FRF1",2016,27800,31200,16900,10.9,82.6,33.7
"FRF1",2017,28500,31900,17200,9,82.6,32
"FRF1",2018,29400,32800,17200,8,82.4,33
"FRF1",2019,30800,33400,17700,7.3,83,35.4
"FRF1",2020,29300,31700,17700,7.3,81.7,39
"FRF1",2021,30600,33700,18600,7.1,82.5,37.7
"FRF1",2022,31900,35200,19300,6.7,82.1,40.5
"FRF1",2023,34900,37900,20800,5.9,82.8,44.5
"FRF1",2024,35700,38700,NA,6,82.9,44.7
"FRF2",2008,24700,28100,15000,7.5,80.1,20.9
"FRF2",2009,23300,26600,14900,9.2,80.2,19.6
"FRF2",2010,23800,26900,15000,9.2,80.8,20.9
"FRF2",2011,25200,28500,15500,10.3,81.3,21.3
"FRF2",2012,24400,27800,15400,10.7,81,23.2
"FRF2",2013,25000,28100,15400,10.5,81.1,24.7
"FRF2",2014,25000,28200,15400,11.4,81.4,23.3
"FRF2",2015,25200,28400,15300,13,81,23.6
"FRF2",2016,25000,28100,15400,11.3,81.2,22.9
"FRF2",2017,25900,29100,15800,9.6,81.3,24.9
"FRF2",2018,26700,29800,16200,8.8,81.3,28.3
"FRF2",2019,27800,30200,16700,9.1,81.5,27.1
"FRF2",2020,26600,28800,16900,11.7,80.9,24.8
"FRF2",2021,28000,30900,17400,8.9,81.1,31.3
"FRF2",2022,30800,34100,18500,8,81.3,28.9
"FRF2",2023,34000,37000,20100,7.1,81.6,30.1
"FRF2",2024,34800,37800,NA,7.2,81.8,35.4
"FRF3",2008,21300,24200,15100,8.1,80.4,20.1
"FRF3",2009,20500,23400,15000,11.2,80.6,21.5
"FRF3",2010,20700,23400,15100,9.4,80.8,23.9
"FRF3",2011,21200,23900,15600,10.1,81.2,24.7
"FRF3",2012,20800,23800,15500,11.7,81.2,25.5
"FRF3",2013,21400,24100,15700,12.2,81.5,27.6
"FRF3",2014,21800,24600,15700,11.8,81.5,28.1
"FRF3",2015,22100,24900,16000,12.2,81.3,30.5
"FRF3",2016,22100,24800,16000,11.7,81.4,30.2
"FRF3",2017,22700,25500,16300,11,81.6,30.5
"FRF3",2018,23200,25900,16300,9.8,81.7,28.9
"FRF3",2019,24200,26300,16800,8.1,81.8,33
"FRF3",2020,23400,25300,17000,8.7,80.9,32.5
"FRF3",2021,24400,27000,17500,8.5,81.1,31.1
"FRF3",2022,25400,28100,18700,6.9,81.1,30.3
"FRF3",2023,28100,30500,20300,7.4,81.8,32.2
"FRF3",2024,28800,31300,NA,8.5,81.7,33.9
"FRG0",2008,24400,27700,15600,6.1,81.9,22.6
"FRG0",2009,23300,26600,15400,7.6,82.1,26.4
"FRG0",2010,23600,26700,15800,8.5,82.5,26.4
"FRG0",2011,24800,28000,16000,8.5,82.9,27.1
"FRG0",2012,24500,28100,16100,8.4,82.6,27.5
"FRG0",2013,25300,28400,16300,8.8,82.9,28.2
"FRG0",2014,25600,28900,16300,8.6,82.9,30.4
"FRG0",2015,26300,29600,16300,9.1,82.5,32.4
"FRG0",2016,26600,29900,16500,8.9,82.8,32.2
"FRG0",2017,27200,30500,16700,7.1,82.9,33.3
"FRG0",2018,28000,31200,17000,7.8,83,34.6
"FRG0",2019,29700,32200,17400,7.6,83.1,35.1
"FRG0",2020,29100,31500,17500,6.9,83,35.9
"FRG0",2021,30100,33300,18100,6,82.9,38.6
"FRG0",2022,31100,34400,19300,6.1,82.7,40
"FRG0",2023,33800,36700,20900,6.1,83.3,38.7
"FRG0",2024,34600,37500,NA,6.3,83.5,40.5
"FRH0",2008,22900,26000,15400,5.2,80.7,27.8
"FRH0",2009,22000,25100,15400,5.6,80.9,27.9
"FRH0",2010,22300,25200,15700,6.8,81.1,27.9
"FRH0",2011,23200,26200,16100,7.1,81.5,30
"FRH0",2012,23100,26500,16100,8,81.4,31.9
"FRH0",2013,23800,26800,16200,8,81.7,33.3
"FRH0",2014,24300,27400,16200,7.4,81.9,33.6
"FRH0",2015,24900,28000,16100,7.8,81.7,32.8
"FRH0",2016,25300,28400,16300,8.6,81.7,33.8
"FRH0",2017,26200,29300,16500,7.3,82,34
"FRH0",2018,26600,29700,16900,6.8,82,37.7
"FRH0",2019,28200,30600,17400,6.9,82.3,37.7
"FRH0",2020,27400,29700,17800,6.7,82.3,38.1
"FRH0",2021,28700,31700,18300,5.8,82.1,40.4
"FRH0",2022,29900,33100,19500,5.9,81.9,42.1
"FRH0",2023,32600,35400,21100,5.4,82.5,40.2
"FRH0",2024,33700,36600,NA,5.7,82.5,40.1
"FRI1",2008,23900,27200,15800,7.1,82.1,24.3
"FRI1",2009,23400,26700,15800,8.3,82.1,27
"FRI1",2010,24200,27300,16300,8.1,82.3,29
"FRI1",2011,25100,28400,16500,9,83.1,26.8
"FRI1",2012,24900,28500,16400,9.4,82.5,27.4
"FRI1",2013,25300,28400,16300,8.9,82.9,29
"FRI1",2014,25700,28900,16500,9.1,82.7,32.8
"FRI1",2015,26200,29400,16400,9.7,82.6,33.5
"FRI1",2016,26600,29800,16700,10,83,32.4
"FRI1",2017,27100,30400,16900,10.1,82.8,34.4
"FRI1",2018,28000,31200,17200,9.3,83.1,35.4
"FRI1",2019,29500,32000,17900,9.1,83.2,35.7
"FRI1",2020,28200,30600,18000,7.3,83.3,36
"FRI1",2021,30000,33100,18600,7.4,83,39.9
"FRI1",2022,31100,34400,19800,6.9,82.7,41.2
"FRI1",2023,33900,36800,21500,7.2,83.4,40.5
"FRI1",2024,34700,37700,NA,6.9,83.5,42
"FRI2",2008,21200,24000,15900,5.4,81.2,22.9
"FRI2",2009,20500,23500,15400,6.2,81.4,25.9
"FRI2",2010,20300,22900,16000,7,81.6,23.5
"FRI2",2011,21000,23700,16500,7.5,81.8,25.3
"FRI2",2012,20900,23900,16400,6.7,82.1,29.2
"FRI2",2013,21800,24500,16400,6.9,82.1,27.7
"FRI2",2014,22200,25000,16800,9.3,82.3,29.4
"FRI2",2015,22600,25500,16600,8.9,81.7,30.1
"FRI2",2016,22500,25200,16900,7.1,82.1,32.2
"FRI2",2017,23200,26100,17100,6.3,82.5,30.7
"FRI2",2018,23600,26400,17200,7,82.2,32
"FRI2",2019,25500,27700,18000,7,82.1,33.1
"FRI2",2020,25100,27200,18400,7.2,82.4,33.8
"FRI2",2021,26000,28700,18700,6.3,82,37
"FRI2",2022,26200,29000,19200,6.8,82,35.9
"FRI2",2023,29000,31500,20800,6.3,82.3,40.7
"FRI2",2024,29500,32100,NA,5.4,82.4,40.9
"FRI3",2008,22000,25000,15500,7,81.8,19.9
"FRI3",2009,21300,24300,15400,8.4,81.7,20.9
"FRI3",2010,21800,24600,15500,7.7,82,23
"FRI3",2011,22700,25600,16000,8.1,82.2,21.8
"FRI3",2012,22900,26100,16000,8.3,82.1,22.8
"FRI3",2013,23400,26300,16000,9.9,82.1,23.2
"FRI3",2014,23900,26900,16100,10.9,82.6,26.1
"FRI3",2015,24100,27100,15800,9.8,82.4,26.6
"FRI3",2016,24200,27200,15700,9,82.3,27.4
"FRI3",2017,24900,28000,16200,9.1,82.5,30
"FRI3",2018,25700,28600,16600,8.7,82.5,30.9
"FRI3",2019,27100,29400,17200,8.1,82.5,30.4
"FRI3",2020,26400,28600,17500,8.6,82.6,33.4
"FRI3",2021,27600,30400,17900,8.6,82.2,33.3
"FRI3",2022,28700,31700,19100,7.2,82,36.8
"FRI3",2023,31800,34500,20800,7.3,82.6,36.6
"FRI3",2024,32200,34900,NA,5.3,82.5,38.5
"FRJ1",2008,22100,25200,15100,9.4,81.6,26.6
"FRJ1",2009,21500,24600,15000,13.3,81.5,26
"FRJ1",2010,22000,24800,15300,13.7,81.8,25.2
"FRJ1",2011,22700,25600,15500,11.9,82.2,26.1
"FRJ1",2012,22200,25400,15500,15,82.1,26.7
"FRJ1",2013,22400,25200,15500,12.9,82.5,29
"FRJ1",2014,22600,25500,15600,12.3,82.4,31.4
"FRJ1",2015,22900,25800,15400,13,82.2,31.3
"FRJ1",2016,23200,26100,15600,11.9,82.4,31.2
"FRJ1",2017,23700,26600,15700,12.3,82.6,32
"FRJ1",2018,24200,27000,16100,11.7,82.4,33.3
"FRJ1",2019,25600,27800,16600,10.4,82.8,34.5
"FRJ1",2020,25100,27200,17000,9.2,82.5,41
"FRJ1",2021,26600,29300,17300,11.4,82.2,38.4
"FRJ1",2022,27400,30300,18500,9,82.2,37.6
"FRJ1",2023,29800,32400,20000,9.2,82.7,38.9
"FRJ1",2024,30400,33000,NA,9,83,41.6
"FRJ2",2008,23900,27100,15700,6.1,82.4,30.8
"FRJ2",2009,23400,26700,15700,8.8,82.6,34.4
"FRJ2",2010,23600,26700,16100,7.8,82.8,34.9
"FRJ2",2011,24600,27800,16400,8.1,83.3,36.6
"FRJ2",2012,25000,28600,16500,8.3,83,36.1
"FRJ2",2013,25900,29100,16500,8.6,83.4,39.9
"FRJ2",2014,26600,29900,16600,9.1,83.2,41.8
"FRJ2",2015,27300,30700,16500,8.6,83.1,39.9
"FRJ2",2016,27700,31100,16700,8.5,83.3,38.8
"FRJ2",2017,28200,31600,17000,7.2,83.2,38.6
"FRJ2",2018,29300,32600,17100,7.7,83.4,44.2
"FRJ2",2019,30900,33500,17800,6.7,83.5,44.6
"FRJ2",2020,28600,31000,17900,5.6,83.4,43.3
"FRJ2",2021,30200,33300,18300,6.1,83.4,44.2
"FRJ2",2022,31200,34500,19500,6.2,83.1,44.3
"FRJ2",2023,34600,37600,21100,6.1,83.6,46.3
"FRJ2",2024,35600,38600,NA,6.2,83.7,47.8
"FRK1",2008,21500,24400,15800,6.4,80.9,26.8
"FRK1",2009,20800,23800,15400,7.4,80.8,28.2
"FRK1",2010,21000,23700,15600,7.1,81.2,24.7
"FRK1",2011,22100,25000,16300,8.4,81.6,24.2
"FRK1",2012,21900,25000,16400,10.1,81.5,26.1
"FRK1",2013,22600,25400,16500,8.9,81.9,26.6
"FRK1",2014,23000,25900,16600,7.3,82.1,25.9
"FRK1",2015,23500,26500,16400,8.6,81.9,28.8
"FRK1",2016,23600,26500,16600,7.2,82,31.1
"FRK1",2017,24800,27900,16700,8.4,82.1,27.8
"FRK1",2018,25500,28400,17000,7.8,82.3,29.6
"FRK1",2019,26900,29200,17400,5.6,82.2,31.1
"FRK1",2020,26000,28200,17800,5.5,82,31.2
"FRK1",2021,27300,30100,18100,7,81.9,30.2
"FRK1",2022,28000,31000,19300,7.1,82,33.8
"FRK1",2023,30900,33600,21000,7.1,82.4,34.9
"FRK1",2024,31700,34400,NA,7.8,82.7,35.9
"FRK2",2008,28100,31900,16300,6.3,82.4,28.4
"FRK2",2009,26700,30500,16100,8.4,82.6,28.3
"FRK2",2010,27600,31200,16600,8.1,83,28.6
"FRK2",2011,28600,32300,17000,7.7,83.5,30
"FRK2",2012,28300,32300,17000,8.1,83.2,32.3
"FRK2",2013,28800,32400,17100,8.4,83.5,34.4
"FRK2",2014,29100,32800,17300,8.8,83.4,37.1
"FRK2",2015,29700,33400,17400,9.1,83.1,37.5
"FRK2",2016,30200,33900,17600,8.1,83.5,38.3
"FRK2",2017,31000,34700,17800,7.3,83.5,39.2
"FRK2",2018,32100,35800,18100,7.3,83.8,40.7
"FRK2",2019,33700,36600,18400,7,83.7,41.8
"FRK2",2020,32300,35100,18600,7.5,82.8,43.2
"FRK2",2021,33700,37200,18900,7.2,83.5,44.6
"FRK2",2022,35200,38900,20400,6.6,83.5,46.8
"FRK2",2023,39000,42400,22000,6.5,84.2,46.9
"FRK2",2024,40000,43400,NA,6.8,84.2,47
"FRL0",2008,25800,29300,16400,7.8,82,25.2
"FRL0",2009,25200,28800,16400,9.2,82.2,26.6
"FRL0",2010,26600,30000,16900,9.7,82.5,27.5
"FRL0",2011,27100,30500,17300,9.8,82.9,30.2
"FRL0",2012,27300,31300,17300,9.6,82.7,31.1
"FRL0",2013,27700,31100,17400,10.9,83,33.2
"FRL0",2014,28000,31500,17300,10.1,82.9,35
"FRL0",2015,28400,31900,17300,11,82.5,35.3
"FRL0",2016,28700,32200,17500,10.6,82.8,35.8
"FRL0",2017,29400,33000,17700,10.3,82.8,36.2
"FRL0",2018,30200,33600,18100,9.3,83.1,37.9
"FRL0",2019,31600,34300,18800,8.8,83.2,38.8
"FRL0",2020,30300,32800,19100,8,82.9,40
"FRL0",2021,34900,38500,19500,8.1,82.4,40.8
"FRL0",2022,38000,42100,21300,6.7,82.8,41.9
"FRL0",2023,37300,40500,23200,7.1,83.5,42.1
"FRL0",2024,38500,41800,NA,6.9,83.8,42.3
"FRM0",2008,22200,25200,15200,7.9,82,11.5
"FRM0",2009,22500,25700,15300,NA,81.8,14.4
"FRM0",2010,22800,25700,15600,6,81.7,17.6
"FRM0",2011,23800,26900,16000,NA,82.3,18
"FRM0",2012,23700,27100,16300,7.9,83.1,23.1
"FRM0",2013,24200,27200,16400,12.3,82.5,23.1
"FRM0",2014,24400,27500,16100,9.8,82.9,24.1
"FRM0",2015,25100,28200,16000,11.9,82.8,23.3
"FRM0",2016,25200,28300,16300,8.3,83,36
"FRM0",2017,25800,29000,16900,9.8,83.4,35.5
"FRM0",2018,26700,29800,17500,5,83.7,27.5
"FRM0",2019,28000,30400,18000,6.3,83.5,26.2
"FRM0",2020,26500,28800,18500,8.1,83.7,39.3
"FRM0",2021,28600,31500,19000,9.1,83.2,27.8
"FRM0",2022,29500,32700,20000,6.1,82.8,32.2
"FRM0",2023,33100,36000,21600,6.9,83.8,32.5
"FRM0",2024,34500,37500,NA,7.2,84,30.3
"HR02",2008,11700,8100,7500,NA,NA,NA
"HR02",2009,10800,7500,7200,NA,NA,NA
"HR02",2010,10300,7300,7600,NA,NA,NA
"HR02",2011,10800,7300,7700,NA,NA,NA
"HR02",2012,10900,7200,7800,NA,NA,NA
"HR02",2013,11100,7200,7800,NA,NA,NA
"HR02",2014,10900,7100,7800,NA,76.1,NA
"HR02",2015,11500,7400,7900,NA,75.8,NA
"HR02",2016,12200,7900,8600,17.1,76.6,16.4
"HR02",2017,12800,8300,8800,16,76.6,15
"HR02",2018,13400,8800,9400,12.1,76.7,14.2
"HR02",2019,14400,9500,10300,9.5,76.7,14.9
"HR02",2020,14200,9100,10700,11.9,76,17
"HR02",2021,16600,10600,13000,9.5,75.2,17.8
"HR02",2022,18100,12200,14300,10.6,76.3,17.4
"HR02",2023,20200,13900,13800,10.1,77.3,17.1
"HR02",2024,21100,15100,NA,7.1,77.2,17.9
"HR03",2008,15800,10900,8400,8.7,77.5,18.2
"HR03",2009,14900,10300,8200,9.5,77.9,19.2
"HR03",2010,14600,10200,8500,11.2,78.2,21.1
"HR03",2011,15100,10200,8400,13,78.6,19.7
"HR03",2012,15300,10100,8500,14.8,78.6,20.6
"HR03",2013,15600,10200,8700,14.9,79.3,21.6
"HR03",2014,15900,10300,9100,16.7,79.1,22.7
"HR03",2015,16500,10600,9200,16.7,78.4,24.7
"HR03",2016,17400,11300,9700,13.9,79.1,22.8
"HR03",2017,18700,12100,9900,10.8,78.7,23.7
"HR03",2018,19600,12900,10400,9.2,79.1,26.7
"HR03",2019,20500,13500,10800,6.4,79.4,27.1
"HR03",2020,18100,11600,10600,7.4,78.9,26.5
"HR03",2021,21900,14000,12200,9.2,77.7,24.9
"HR03",2022,24900,16800,12700,6.8,78.6,25.1
"HR03",2023,27900,19200,14700,6,79.3,28.8
"HR03",2024,29200,20900,NA,6.4,79.9,31
"HR05",2008,28300,19600,11200,NA,NA,NA
"HR05",2009,27200,18900,10500,NA,NA,NA
"HR05",2010,28700,20100,10800,NA,NA,NA
"HR05",2011,29200,19800,11200,NA,NA,NA
"HR05",2012,29200,19300,11200,NA,NA,NA
"HR05",2013,29100,19000,11100,NA,NA,NA
"HR05",2014,29200,18900,11500,NA,79.1,NA
"HR05",2015,30300,19500,11200,NA,78.9,NA
"HR05",2016,31400,20300,11500,9.5,79.4,38.9
"HR05",2017,33300,21600,11900,8.2,79.1,41.4
"HR05",2018,35200,23100,12400,5.1,79.1,43.8
"HR05",2019,37500,24600,12800,5.4,79.3,42.8
"HR05",2020,35500,22800,12800,4.7,78.6,43.1
"HR05",2021,40400,25800,14100,5.3,77.7,43.9
"HR05",2022,43000,29000,14800,5.3,79,44.5
"HR05",2023,50200,34500,17500,3.8,79.5,48.9
"HR05",2024,52500,37500,NA,2.6,80.2,51.3
"HR06",2008,12500,8600,8000,NA,NA,NA
"HR06",2009,11900,8200,7500,NA,NA,NA
"HR06",2010,11000,7800,7700,NA,NA,NA
"HR06",2011,11600,7800,8000,NA,NA,NA
"HR06",2012,11800,7800,8100,NA,NA,NA
"HR06",2013,12400,8100,8100,NA,NA,NA
"HR06",2014,12400,8000,8200,NA,76.9,NA
"HR06",2015,13000,8400,8300,NA,76.6,NA
"HR06",2016,13800,8900,8800,10,77.1,17.2
"HR06",2017,14800,9600,9200,8.7,77,18
"HR06",2018,15700,10300,9800,5.8,77.2,18.8
"HR06",2019,16900,11100,10300,4.6,77.8,18
"HR06",2020,16600,10600,10600,5,76.8,17.4
"HR06",2021,19000,12100,12300,4.6,75.7,18.1
"HR06",2022,21200,14300,13500,4,77,20.1
"HR06",2023,25200,17300,14500,4.4,78.1,22.3
"HR06",2024,25500,18200,NA,3.1,78.5,23.5
"HU11",2008,35200,23600,12800,NA,76.4,NA
"HU11",2009,35400,21300,12900,NA,76.7,NA
"HU11",2010,35600,21600,13200,NA,76.9,NA
"HU11",2011,37100,22100,13700,NA,77.1,NA
"HU11",2012,37300,21900,13400,NA,77.5,NA
"HU11",2013,36900,21500,13800,8.5,NA,40.4
"HU11",2014,38700,22700,12900,6,78,42.5
"HU11",2015,39300,23400,14300,5.1,77.5,44.7
"HU11",2016,39700,24200,14000,4.3,78,41.9
"HU11",2017,41900,26800,14900,2.9,77.9,41.7
"HU11",2018,44800,28800,16600,3,78.1,46.5
"HU11",2019,49200,32300,18500,2.4,78.3,47.5
"HU11",2020,47900,30300,17700,3.3,77.6,49.8
"HU11",2021,52600,34100,19700,2.9,76.4,55.6
"HU11",2022,57900,37200,22300,2.3,77.9,55.8
"HU11",2023,63000,44700,25100,2.3,78.8,56.2
"HU11",2024,67200,47600,NA,2.6,78.9,59.1
"HU12",2008,14100,9500,8500,NA,74.4,NA
"HU12",2009,13500,8100,8300,NA,74.8,NA
"HU12",2010,14500,8800,8400,NA,75.2,NA
"HU12",2011,14600,8700,9100,NA,75.5,NA
"HU12",2012,14200,8300,8900,NA,75.4,NA
"HU12",2013,14700,8600,9100,9.1,NA,22.9
"HU12",2014,15200,8900,9400,6.5,76.1,24.8
"HU12",2015,16200,9600,9300,5.7,75.7,26.2
"HU12",2016,15700,9600,9900,3.1,76.4,26.2
"HU12",2017,16100,10300,10100,2.6,76,26.9
"HU12",2018,17100,11000,10600,2.2,76.3,26
"HU12",2019,18300,12000,11800,2.4,76.7,27.1
"HU12",2020,18200,11500,11800,3.3,75.9,30
"HU12",2021,20300,13200,13100,2.9,74.9,33
"HU12",2022,23500,15100,14600,2.2,76.7,32.3
"HU12",2023,24800,17600,15600,3.2,77.4,33.3
"HU12",2024,25600,18100,NA,3.1,77.5,34.1
"HU21",2008,14600,9800,7500,5.8,73.9,15.7
"HU21",2009,13100,7900,7300,9.2,74,15.1
"HU21",2010,14300,8700,8000,10,74.7,14.2
"HU21",2011,15200,9100,8600,9.5,75,15.9
"HU21",2012,15100,8900,8700,9.9,75.1,18
"HU21",2013,16000,9300,9100,8.7,75.5,19
"HU21",2014,16600,9700,9500,5.6,75.7,17.6
"HU21",2015,18000,10700,9300,4.4,75.1,19.4
"HU21",2016,18800,11400,10000,3,75.9,19.1
"HU21",2017,19000,12200,10300,2.2,75.7,20.1
"HU21",2018,20200,13000,11300,2.2,75.8,19.7
"HU21",2019,21100,13800,12100,2,76.1,21.2
"HU21",2020,20300,12800,11400,2.8,75.4,22.2
"HU21",2021,22100,14300,12700,2.1,73.9,23.2
"HU21",2022,24100,15500,13800,1.7,75.8,22.6
"HU21",2023,25400,18000,14900,2.2,76.7,23
"HU21",2024,26200,18600,NA,2.8,77.1,23.6
"HU22",2008,16000,10800,7500,5,74.9,15.1
"HU22",2009,15000,9000,7400,8.7,75,17
"HU22",2010,16800,10200,8000,9.3,75.1,15.5
"HU22",2011,17400,10400,8800,7.3,75.5,17.2
"HU22",2012,17400,10200,9400,7.5,75.4,18.5
"HU22",2013,18700,10900,9400,7.7,76.1,17.8
"HU22",2014,19800,11600,9600,4.6,76,19.7
"HU22",2015,21000,12500,9500,3.8,76.4,20.1
"HU22",2016,21300,13000,9900,2.7,76.4,19
"HU22",2017,21400,13700,10300,2.4,76.3,20.8
"HU22",2018,22400,14400,11100,2,76.4,20.3
"HU22",2019,22700,14900,11600,1.7,77,22.1
"HU22",2020,21700,13700,11100,2.4,75.8,25
"HU22",2021,22600,14700,12000,2.3,75.1,25.3
"HU22",2022,25000,16000,13200,2.4,76.8,22.8
"HU22",2023,25600,18200,14200,2.7,77.4,22.9
"HU22",2024,26400,18700,NA,3.3,77.5,24.6
"HU23",2008,10900,7300,6700,10.3,74,14.3
"HU23",2009,10700,6400,6600,11.2,74,15.3
"HU23",2010,11300,6800,6800,12.4,74.2,16.1
"HU23",2011,11600,6900,7600,12.9,74.9,17.3
"HU23",2012,11700,6900,7700,12.1,74.9,17.9
"HU23",2013,12400,7200,8100,9.3,75.2,18.3
"HU23",2014,12300,7200,8300,7.8,75.4,17.9
"HU23",2015,12800,7600,8300,8.1,75.1,18.5
"HU23",2016,13100,8000,8700,6.2,75.7,18.9
"HU23",2017,13900,8900,9100,6.3,75.6,18.4
"HU23",2018,15000,9600,9800,5.4,75.7,18
"HU23",2019,15500,10200,10100,4.8,75.9,18.3
"HU23",2020,15300,9700,9700,5.3,75.5,18.4
"HU23",2021,16800,10900,10700,4.7,73.8,20.4
"HU23",2022,18800,12100,11500,4.6,75.7,22
"HU23",2023,19100,13500,12500,6,76.6,22.3
"HU23",2024,20000,14200,NA,7.3,76.8,22.1
"HU31",2008,9800,6600,6200,13.3,72.7,13.5
"HU31",2009,9200,5600,6100,15.3,72.9,15.1
"HU31",2010,9800,5900,6400,16.2,73.2,15.6
"HU31",2011,10100,6000,7100,16.4,73.4,15.4
"HU31",2012,10100,6000,7100,16.1,73.7,15.6
"HU31",2013,11000,6400,7300,12.6,74.2,16.7
"HU31",2014,11500,6700,7800,10.4,74.4,17.1
"HU31",2015,12700,7500,7700,8.7,74.4,17.9
"HU31",2016,12900,7900,8100,6.3,74.5,17.2
"HU31",2017,14000,9000,8400,5.8,74.3,17.5
"HU31",2018,15000,9600,9100,4.8,74.3,17.5
"HU31",2019,15100,9900,9300,4.4,74.4,17.1
"HU31",2020,15200,9600,9000,5.1,73.7,16.9
"HU31",2021,16900,11000,9600,6.2,72,18.8
"HU31",2022,17600,11300,10300,6.2,74,20
"HU31",2023,18300,13000,11700,6.4,74.9,20.4
"HU31",2024,18900,13400,NA,6.9,75.1,21
"HU32",2008,10000,6700,6300,12.1,73.3,14.9
"HU32",2009,9900,6000,6100,14.1,73.8,15
"HU32",2010,10500,6400,6300,14.4,74,15.9
"HU32",2011,11100,6700,7100,14.6,74.7,15.9
"HU32",2012,11100,6600,7100,13.9,74.9,17.5
"HU32",2013,11500,6700,7500,14.2,75.4,17.8
"HU32",2014,11900,7000,7900,11.8,75.1,17.7
"HU32",2015,12300,7300,7900,10.9,74.8,17.1
"HU32",2016,12300,7500,8200,9.3,75.5,17.1
"HU32",2017,13000,8400,8600,7.4,75.4,17.4
"HU32",2018,14100,9100,9400,6.6,75.3,18.5
"HU32",2019,14900,9800,9800,6.3,75.3,19.4
"HU32",2020,14900,9400,9500,7.3,74.7,19.3
"HU32",2021,16200,10500,10300,7,73,20.1
"HU32",2022,17700,11400,10800,6.2,74.9,20.8
"HU32",2023,18900,13400,12600,6.7,75.7,21.6
"HU32",2024,19900,14100,NA,7.1,75.5,21.9
"HU33",2008,10900,7300,6700,8.7,74,16.6
"HU33",2009,10400,6300,6500,10.6,74.1,17.5
"HU33",2010,10900,6600,6700,10.4,74.6,17.4
"HU33",2011,11600,6900,7400,10.5,74.7,17
"HU33",2012,11800,7000,7600,10.3,75,18.4
"HU33",2013,12800,7400,8000,11,75.6,18.2
"HU33",2014,13000,7600,8400,9,75.4,18.9
"HU33",2015,13800,8200,8400,7.9,75.2,18.8
"HU33",2016,14100,8600,8900,5.6,75.8,20
"HU33",2017,14600,9300,9500,4.1,75.3,19.6
"HU33",2018,16000,10300,10200,3.4,76.1,20.8
"HU33",2019,16600,10900,10600,3.4,76.1,21.5
"HU33",2020,16700,10600,10200,4.6,75.3,21.6
"HU33",2021,18100,11700,11300,4.4,73.7,22.1
"HU33",2022,19700,12700,11800,4,75.4,22.8
"HU33",2023,20600,14600,12900,4.6,76.2,22.2
"HU33",2024,21000,14800,NA,4.8,76.5,23.5
"IE04",2008,23700,28800,15100,NA,NA,NA
"IE04",2009,19000,22700,14500,NA,NA,NA
"IE04",2010,21600,24200,14400,NA,NA,NA
"IE04",2011,20900,23300,14300,NA,NA,NA
"IE04",2012,19900,22200,14600,15.8,NA,36.7
"IE04",2013,20500,23100,14300,13.2,81.3,38.6
"IE04",2014,22100,25300,14000,11.6,81.4,38.4
"IE04",2015,23900,26900,14600,10.1,81.6,39.2
"IE04",2016,24000,27400,14900,8.6,81.7,39.9
"IE04",2017,24600,28400,15300,6.2,82.3,41.5
"IE04",2018,25300,29500,15400,5.6,82.4,41.2
"IE04",2019,26100,31900,15900,4.8,82.7,42.5
"IE04",2020,28800,34900,16300,5,82.6,46.4
"IE04",2021,33900,40000,16900,5,82.4,48.7
"IE04",2022,38100,44500,17800,4,82.3,49.6
"IE04",2023,40000,47500,19100,3.8,82.7,52
"IE04",2024,40000,47300,NA,4.2,83.2,54
"IE05",2008,28600,34800,16500,NA,NA,NA
"IE05",2009,28100,33500,15800,NA,NA,NA
"IE05",2010,28200,31600,15500,NA,NA,NA
"IE05",2011,29800,33200,15500,NA,NA,NA
"IE05",2012,29700,33100,16100,16.6,NA,37.3
"IE05",2013,28200,31700,15600,14.3,80.5,39.1
"IE05",2014,30000,34300,15200,12.7,80.7,38.9
"IE05",2015,60500,68100,16000,10.7,80.9,40.3
"IE05",2016,55600,63600,16300,8.6,80.9,40.9
"IE05",2017,62200,71900,17000,7,81.6,42.6
"IE05",2018,63400,74100,16800,6.2,81.6,42.5
"IE05",2019,65400,79900,17300,5.5,82.2,43.2
"IE05",2020,68600,83300,17200,5.8,82.3,45.6
"IE05",2021,83300,98200,18400,6.5,81.7,49.4
"IE05",2022,97600,114100,19600,4.3,81.8,50.5
"IE05",2023,87900,104200,20900,4.2,82.2,50.4
"IE05",2024,86500,102200,NA,4.1,82.7,53.3
"IE06",2008,41900,51000,16100,NA,NA,NA
"IE06",2009,38100,45500,15400,NA,NA,NA
"IE06",2010,39900,44800,15100,NA,NA,NA
"IE06",2011,41600,46400,14500,NA,NA,NA
"IE06",2012,43300,48300,14400,14.6,NA,44.6
"IE06",2013,45700,51300,14200,13.6,81.3,46.4
"IE06",2014,48900,55900,13700,11.5,81.6,47.9
"IE06",2015,55400,62400,14400,9.4,81.6,49.2
"IE06",2016,57200,65400,14900,8.2,82,49.6
"IE06",2017,61700,71400,15500,6.7,82.1,50.7
"IE06",2018,67500,78800,15700,5.6,82.2,51.7
"IE06",2019,68400,83600,16600,4.7,82.6,51.5
"IE06",2020,70400,85400,16400,5.8,82.2,53.9
"IE06",2021,83500,98400,17500,6.5,82.3,56.5
"IE06",2022,94600,110600,18600,4.7,82.8,57
"IE06",2023,96300,114200,20400,4.5,83.1,58
"IE06",2024,107200,126600,NA,4.4,83.2,59.6
"ITC1",2008,28600,28900,19700,5.1,81.5,13.7
"ITC1",2009,26300,26800,18500,6.8,81.7,13.7
"ITC1",2010,27200,27800,18700,7.5,82.2,14.1
"ITC1",2011,28000,28500,18800,7.6,82.3,14
"ITC1",2012,27200,27500,17900,9.2,82.4,15.2
"ITC1",2013,27200,27800,17700,10.6,82.7,15.9
"ITC1",2014,26900,27800,17600,11.3,82.9,16.2
"ITC1",2015,27700,28400,17800,10.3,82.3,16.6
"ITC1",2016,29100,29300,18500,9.4,82.9,17
"ITC1",2017,30300,30400,19100,9.1,82.7,18.1
"ITC1",2018,31000,31200,19500,8.2,82.8,19.3
"ITC1",2019,31600,31400,20000,7.6,83.1,19.3
"ITC1",2020,29300,29000,19500,7.5,81.6,19.6
"ITC1",2021,32900,32200,20600,7.3,82.7,20
"ITC1",2022,36000,34500,22200,6.5,82.6,19.9
"ITC1",2023,38800,37400,23900,6.2,83.2,20.9
"ITC1",2024,40400,38600,25200,5.4,83.7,21.2
"ITC2",2008,37200,37600,19600,3.3,81.5,11.8
"ITC2",2009,35000,35700,19000,4.5,81.9,10.8
"ITC2",2010,36500,37200,19100,4.5,82.1,11
"ITC2",2011,37300,37900,19000,5.3,82.5,12.2
"ITC2",2012,37800,38200,18100,7.1,82.7,14.5
"ITC2",2013,35800,36600,17800,8.3,83,16.1
"ITC2",2014,35100,36200,17700,8.9,82.5,15.2
"ITC2",2015,35500,36500,17800,8.9,81.5,15.5
"ITC2",2016,35900,36200,18300,8.7,82.8,15.8
"ITC2",2017,37600,37700,18800,7.8,82.6,18
"ITC2",2018,38000,38200,19100,7.1,82.1,18.8
"ITC2",2019,38900,38700,19600,6.5,83.4,18.9
"ITC2",2020,36000,35700,18700,5.8,81.5,18.8
"ITC2",2021,39500,38700,19700,7.3,83,18.9
"ITC2",2022,45800,43900,21500,5.4,82.5,19.6
"ITC2",2023,48900,47200,23100,4,83.9,20.8
"ITC2",2024,49900,47700,24200,3.9,83.2,21.4
"ITC3",2008,30200,30500,19700,5.4,81.6,17.6
"ITC3",2009,28400,29000,18700,5.8,81.7,18.6
"ITC3",2010,28200,28800,18300,6.6,82.1,18.4
"ITC3",2011,28900,29500,18400,6.4,82.1,17.9
"ITC3",2012,28600,29000,17600,8.1,82.3,18.8
"ITC3",2013,28100,28700,17500,9.9,82.5,20
"ITC3",2014,28500,29400,17400,10.9,82.9,19.3
"ITC3",2015,29100,29900,17500,9.2,82.4,19.7
"ITC3",2016,30400,30700,18200,9.8,83.2,19.6
"ITC3",2017,31400,31500,19100,9.5,82.9,19.6
"ITC3",2018,31700,31800,19100,9.8,82.8,22
"ITC3",2019,32600,32500,19700,9.5,83.3,22
"ITC3",2020,29900,29600,18900,8.2,81.9,21.7
"ITC3",2021,33400,32700,20100,8.4,82.9,21.9
"ITC3",2022,36900,35400,22000,7,82.8,22.3
"ITC3",2023,40200,38800,23700,6.1,83.5,23.5
"ITC3",2024,40900,39100,24300,5.4,83.8,23.8
"ITC4",2008,37000,37300,21400,3.7,81.9,15.2
"ITC4",2009,34600,35300,20300,5.3,82.2,15.5
"ITC4",2010,35900,36700,20500,5.6,82.6,15.9
"ITC4",2011,36700,37300,20700,5.7,83,15.9
"ITC4",2012,36000,36400,19700,7.4,82.8,16.5
"ITC4",2013,35100,35800,19600,8,83.5,17.2
"ITC4",2014,35300,36400,19400,8.2,83.4,17.9
"ITC4",2015,36100,37100,19700,7.9,83,19.3
"ITC4",2016,37800,38100,20300,7.4,83.6,19.3
"ITC4",2017,38900,39100,21000,6.4,83.5,20.4
"ITC4",2018,39900,40000,21100,6,83.7,21.3
"ITC4",2019,40600,40400,21700,5.6,83.9,21.2
"ITC4",2020,38300,37900,21300,5.1,81.5,21.6
"ITC4",2021,43400,42500,22700,5.9,83.3,21.2
"ITC4",2022,47900,45900,24500,4.9,83.3,21.8
"ITC4",2023,50900,49100,26500,4,84,23.5
"ITC4",2024,52700,50400,27500,3.7,84.4,23.9
"ITF1",2008,23200,23400,15300,6.6,81.9,16
"ITF1",2009,22000,22500,14900,8,81.3,16.1
"ITF1",2010,22600,23100,14800,8.7,82.1,16.4
"ITF1",2011,23700,24100,15100,8.6,82.4,17.4
"ITF1",2012,23800,24100,14300,10.8,82.6,17.5
"ITF1",2013,23200,23700,14400,11.3,82.9,17.5
"ITF1",2014,23000,23800,14100,12.6,82.8,16.5
"ITF1",2015,23400,24000,14400,12.6,82.4,17
"ITF1",2016,24100,24300,14800,12.1,83.2,17
"ITF1",2017,24900,25000,15200,11.7,82.7,18.3
"ITF1",2018,25100,25200,15500,10.8,83.2,19.3
"ITF1",2019,25600,25500,15800,11.1,83.5,20.6
"ITF1",2020,24000,23700,15500,9.6,82.8,21
"ITF1",2021,26800,26300,16700,9.3,82.8,21.2
"ITF1",2022,29800,28600,18000,9.4,82.7,21.6
"ITF1",2023,32300,31100,19400,8.1,83.1,22.2
"ITF1",2024,33600,32100,20300,7.1,83.8,23.8
"ITF2",2008,21800,22100,14400,9.2,81.5,15.1
"ITF2",2009,21100,21600,13900,9,82.1,14.6
"ITF2",2010,21000,21500,14000,8.4,82.2,14.8
"ITF2",2011,21200,21600,14100,10,82.3,15.1
"ITF2",2012,20700,21000,13400,12,82.7,16.4
"ITF2",2013,19400,19800,13200,15.6,82.8,16.7
"ITF2",2014,19100,19700,12900,15.2,82.4,17
"ITF2",2015,19600,20100,13200,14.4,82.4,18
"ITF2",2016,20400,20500,13500,12.8,83,18.4
"ITF2",2017,21100,21100,13800,14.6,82.5,19.7
"ITF2",2018,21600,21700,14100,12.7,83,19.6
"ITF2",2019,22500,22400,14600,12,83.4,19.2
"ITF2",2020,21200,21000,14700,9.8,82.4,19.2
"ITF2",2021,23800,23400,15700,10.9,81.6,19.5
"ITF2",2022,26100,25000,17100,10.5,82.3,20.2
"ITF2",2023,28200,27200,18100,9.6,82.7,21.9
"ITF2",2024,29000,27700,18900,7.9,82.7,23.1
"ITF3",2008,18200,18400,12700,12.6,80.1,11.9
"ITF3",2009,17500,17900,12200,12.9,80.2,12.6
"ITF3",2010,17300,17700,12200,14,80.5,12.9
"ITF3",2011,17300,17600,12100,15.4,80.6,12.5
"ITF3",2012,17400,17600,11400,19.3,80.8,13.8
"ITF3",2013,17000,17300,11300,21.5,81.1,14.3
"ITF3",2014,16900,17400,11300,21.8,81.1,14.3
"ITF3",2015,17400,17900,11600,19.8,80.6,14.9
"ITF3",2016,18100,18200,12000,20.4,81.3,15.2
"ITF3",2017,18600,18600,12100,20.9,81.1,15.5
"ITF3",2018,18800,18900,12400,20.3,81.5,15.6
"ITF3",2019,19500,19400,12900,20,81.9,15.7
"ITF3",2020,18300,18100,12700,18.2,81.1,16.1
"ITF3",2021,20300,19900,13600,19.3,80.8,16.5
"ITF3",2022,22800,21800,14800,17.1,81.1,16.9
"ITF3",2023,24600,23700,15900,17.4,81.5,17.8
"ITF3",2024,25700,24600,16700,15.6,82,18.7
"ITF4",2008,17100,17300,12800,11.6,82.1,11.9
"ITF4",2009,16400,16800,12300,12.6,81.9,11.2
"ITF4",2010,16700,17100,12400,13.5,82.5,11.6
"ITF4",2011,17200,17500,12700,13.2,82.5,11.6
"ITF4",2012,17300,17600,12200,15.7,82.7,12.4
"ITF4",2013,16800,17200,12200,19.8,83.1,13.2
"ITF4",2014,16800,17400,12200,21.5,82.9,14
"ITF4",2015,17300,17800,12500,19.7,82.5,13.3
"ITF4",2016,18000,18200,12900,19.4,83.1,13.3
"ITF4",2017,18500,18500,13300,18.9,82.8,14
"ITF4",2018,18900,18900,13700,16.1,83.2,14.8
"ITF4",2019,19400,19300,14100,14.8,83.5,15.3
"ITF4",2020,18400,18200,14000,14.1,82.5,15.3
"ITF4",2021,20700,20300,14800,14.6,82.1,15.8
"ITF4",2022,23000,22100,15900,12.1,82.7,16.2
"ITF4",2023,24500,23600,16900,11.6,83.1,17.5
"ITF4",2024,25500,24300,17700,9.3,83.5,18
"ITF5",2008,19900,20000,13000,11,81.9,12.8
"ITF5",2009,18600,19000,12600,11.2,82.1,12.4
"ITF5",2010,18400,18800,12500,12.9,82.6,12.5
"ITF5",2011,19200,19500,12500,11.9,82.5,12.5
"ITF5",2012,19200,19400,12100,14.5,82.6,13.7
"ITF5",2013,19600,20000,12000,15.3,82.8,15.1
"ITF5",2014,18800,19400,11900,14.7,82.6,15.1
"ITF5",2015,20500,21000,12400,13.7,82.1,15.5
"ITF5",2016,20900,21100,12700,13.3,82.8,15.9
"ITF5",2017,21300,21400,12900,12.8,82.5,16.5
"ITF5",2018,22500,22600,13300,12.5,82.8,15.9
"ITF5",2019,22600,22500,13800,10.8,82.8,17
"ITF5",2020,20800,20600,14000,8.7,82.6,17.6
"ITF5",2021,24400,23900,14800,8.3,82.6,17.6
"ITF5",2022,27000,25900,15900,7.1,82.2,17.5
"ITF5",2023,28800,27700,17200,7.5,82.8,19.7
"ITF5",2024,29700,28400,17800,6.7,83.5,20.2
"ITF6",2008,17100,17300,12400,12,81.4,13.7
"ITF6",2009,16500,16900,12200,11.3,81.4,14
"ITF6",2010,16500,16900,12100,11.9,82.1,13.8
"ITF6",2011,16700,17000,12100,12.7,82,13.7
"ITF6",2012,16600,16800,11600,19.4,82,14.3
"ITF6",2013,16200,16500,11500,22.3,82.5,14
"ITF6",2014,15900,16400,11300,23.5,82.1,15.2
"ITF6",2015,16200,16700,11500,23,82,15.7
"ITF6",2016,16800,17000,11900,23.2,82.5,15.1
"ITF6",2017,17300,17400,12400,21.6,82,15.1
"ITF6",2018,17300,17400,12700,21.6,82.6,15.2
"ITF6",2019,17800,17700,13200,20.9,82.6,15.9
"ITF6",2020,16800,16700,13200,19.9,82.4,15.8
"ITF6",2021,18800,18400,13800,18,81.6,16.2
"ITF6",2022,20600,19800,14900,14.6,81.7,16.6
"ITF6",2023,22000,21200,16100,15.9,82.1,19
"ITF6",2024,22800,21800,16900,13.1,82.7,20.1
"ITG1",2008,17600,17800,12400,13.7,80.8,11.9
"ITG1",2009,16900,17300,12200,13.8,80.7,12.5
"ITG1",2010,16900,17300,12300,14.6,81.4,12.4
"ITG1",2011,17000,17300,12200,14.3,81.2,12.1
"ITG1",2012,17000,17200,11800,18.4,81.4,13
"ITG1",2013,16700,17000,11600,21,81.9,13.4
"ITG1",2014,16200,16700,11500,22.2,81.8,13.3
"ITG1",2015,16600,17100,11700,21.4,81.4,13.2
"ITG1",2016,17100,17300,12200,22.1,82,13.1
"ITG1",2017,17600,17700,12600,21.5,81.6,13.6
"ITG1",2018,17800,17900,12900,21.3,82,14
"ITG1",2019,18300,18200,13400,19.9,82.2,14.2
"ITG1",2020,17400,17200,13400,18.1,81.8,14.6
"ITG1",2021,19500,19100,14200,18.7,81.3,14.8
"ITG1",2022,22200,21200,15400,16.6,81.5,15.2
"ITG1",2023,23100,22300,16400,15.8,81.7,16.8
"ITG1",2024,24500,23400,17300,13,82.6,17.8
"ITG2",2008,19700,19900,13500,12.2,81.8,11.2
"ITG2",2009,19100,19500,13300,13.2,81.6,11.8
"ITG2",2010,19200,19600,13400,14.1,82.3,12.4
"ITG2",2011,19600,19900,13400,13.6,82.3,13
"ITG2",2012,19700,20000,13100,15.5,82.3,14
"ITG2",2013,19100,19500,13300,17.5,82.8,14
"ITG2",2014,19000,19600,13200,18.7,82.7,13.1
"ITG2",2015,19800,20400,13400,17.4,82.4,14.7
"ITG2",2016,20000,20200,13800,17.3,82.9,15
"ITG2",2017,20600,20700,13900,17,82.8,16.2
"ITG2",2018,21000,21100,14400,15.4,83.3,16
"ITG2",2019,21700,21600,14900,14.8,83.3,17.5
"ITG2",2020,20400,20200,15000,13,82.7,18
"ITG2",2021,22900,22500,15900,13.5,82.7,17.4
"ITG2",2022,25600,24600,17400,11.5,82.1,17.9
"ITG2",2023,27600,26600,18600,10.1,83,18.6
"ITG2",2024,29000,27700,19500,8.3,83.2,19
"ITH1",2008,39700,40100,22200,2.4,82.7,10.8
"ITH1",2009,38700,39500,21800,2.9,83.2,11.4
"ITH1",2010,39700,40500,21900,2.7,83.4,12.6
"ITH1",2011,40900,41700,21900,3.3,83.7,12.8
"ITH1",2012,42500,43000,21200,4.1,83.3,13.6
"ITH1",2013,42300,43300,21400,4.4,83.9,14.8
"ITH1",2014,42100,43400,21300,4.4,83.5,16.2
"ITH1",2015,43000,44200,21900,3.8,83.3,16.3
"ITH1",2016,44600,45000,22900,3.7,83.7,16.5
"ITH1",2017,46100,46300,23800,3.1,84,16.8
"ITH1",2018,47700,48000,24700,2.9,84,17.7
"ITH1",2019,49400,49100,25200,2.9,84.2,17.1
"ITH1",2020,46100,45600,24400,3.7,82.8,17.7
"ITH1",2021,50800,49800,25000,3.8,83.7,17.6
"ITH1",2022,58300,55900,27500,2.3,83.7,18.1
"ITH1",2023,63800,61500,30000,2,84.6,18.9
"ITH1",2024,64200,61400,31200,2,85,19.1
"ITH2",2008,34400,34800,19600,3.3,82.7,14.8
"ITH2",2009,33200,33900,18900,3.5,83.1,15.3
"ITH2",2010,33700,34500,19200,4.3,83.2,16
"ITH2",2011,34500,35100,19000,4.4,83.9,16.5
"ITH2",2012,34500,34900,18100,6.1,83.9,16.7
"ITH2",2013,34800,35600,18400,6.5,83.9,16.6
"ITH2",2014,34200,35300,17600,7,84.1,18.3
"ITH2",2015,34200,35100,17700,6.8,83.8,18.7
"ITH2",2016,35300,35600,18200,6.9,84.1,18.7
"ITH2",2017,36100,36300,18600,5.7,84.3,20.8
"ITH2",2018,37400,37600,19300,4.8,84.4,21.2
"ITH2",2019,38700,38500,19900,5,84.6,21.3
"ITH2",2020,36700,36300,19200,5.4,83,22.1
"ITH2",2021,40200,39400,20300,4.8,84.1,21.8
"ITH2",2022,45700,43800,22200,3.8,84.3,21.4
"ITH2",2023,48500,46800,23600,3.8,84.8,23.5
"ITH2",2024,49900,47700,24600,2.7,85,23.7
"ITH3",2008,30000,30300,18100,3.4,82.3,13
"ITH3",2009,28400,29000,17300,4.7,82.7,13.1
"ITH3",2010,28900,29500,17600,5.7,82.9,13.9
"ITH3",2011,30000,30500,17800,4.9,83.1,14.1
"ITH3",2012,29600,29900,16800,6.4,83,13.8
"ITH3",2013,29300,29900,16900,7.6,83.4,14.9
"ITH3",2014,29400,30400,16800,7.5,83.4,15.4
"ITH3",2015,30200,31000,17200,7.1,83.1,15.9
"ITH3",2016,31900,32100,18000,6.8,83.6,16.2
"ITH3",2017,32900,33000,18700,6.3,83.6,17.9
"ITH3",2018,33500,33700,19200,6.4,83.8,18.9
"ITH3",2019,34500,34300,19500,5.6,84,19.4
"ITH3",2020,31800,31500,18900,5.8,83.1,20
"ITH3",2021,35700,35000,20000,5.3,83.5,19.7
"ITH3",2022,39600,37900,21700,4.2,83.5,19.7
"ITH3",2023,42200,40700,23300,4.2,84.2,20.5
"ITH3",2024,43400,41500,24200,3,84.6,21.7
"ITH4",2008,28800,29000,19000,4.3,81.7,13.5
"ITH4",2009,26800,27400,18200,5.2,82,13.1
"ITH4",2010,27800,28400,18400,5.7,82.3,13.6
"ITH4",2011,28600,29100,18600,5.2,82.4,13.5
"ITH4",2012,27900,28200,17600,6.8,82.5,17.1
"ITH4",2013,27800,28400,17600,7.7,82.6,17.3
"ITH4",2014,27700,28500,17400,8,83.1,17.2
"ITH4",2015,28600,29400,17800,8,82.7,17.6
"ITH4",2016,29700,29900,18500,7.6,83.2,17.4
"ITH4",2017,30400,30600,18900,6.7,83.4,19.9
"ITH4",2018,31300,31500,19300,6.7,83.4,21.1
"ITH4",2019,32400,32300,19800,6.1,83.8,20.7
"ITH4",2020,30600,30300,19300,5.6,82.9,21.3
"ITH4",2021,34500,33800,20500,5.7,82.4,21.2
"ITH4",2022,37300,35800,21900,5.3,83.1,21.3
"ITH4",2023,39100,37700,23600,4.6,83.8,22
"ITH4",2024,40800,39000,24500,4.3,84.2,24.1
"ITH5",2008,33000,33300,21200,3.2,82.2,15.9
"ITH5",2009,30600,31300,20000,4.7,82.5,16.4
"ITH5",2010,31100,31800,19900,5.6,82.9,16.1
"ITH5",2011,32400,33000,20000,5.2,83.1,17.3
"ITH5",2012,31900,32300,19200,7,82.9,17.9
"ITH5",2013,31800,32400,19200,8.4,83.4,17.8
"ITH5",2014,32000,33000,19100,8.4,83.4,18.7
"ITH5",2015,32700,33600,19300,7.8,83.1,20.3
"ITH5",2016,34400,34700,20000,7,83.5,20.7
"ITH5",2017,35400,35600,20800,6.6,83.5,21.2
"ITH5",2018,36100,36300,21100,5.8,83.8,22.1
"ITH5",2019,36700,36500,21500,5.5,83.8,22.9
"ITH5",2020,34500,34200,20900,5.8,82.7,23.4
"ITH5",2021,38900,38100,21900,5.5,83.1,23.3
"ITH5",2022,42500,40700,23700,5,83.4,22.8
"ITH5",2023,45400,43700,25400,5,84,23.7
"ITH5",2024,46600,44500,26200,4.3,84.3,24.9
"ITI1",2008,28700,28900,18600,5.1,82.2,15.5
"ITI1",2009,27600,28200,17900,5.8,82.5,14.9
"ITI1",2010,27800,28400,17800,6.1,82.9,15.3
"ITI1",2011,28500,29000,17800,6.4,83.1,16.2
"ITI1",2012,28500,28800,17000,7.8,82.9,16.9
"ITI1",2013,28000,28600,16900,8.7,83.4,17
"ITI1",2014,28200,29100,16900,10.1,83.5,17.4
"ITI1",2015,28700,29500,17100,9.2,83,19.3
"ITI1",2016,29900,30200,17900,9.5,83.7,20.3
"ITI1",2017,30800,30900,18400,8.6,83.5,20.7
"ITI1",2018,31600,31700,18900,7.3,83.8,21.4
"ITI1",2019,33200,33000,19300,6.7,84,21
"ITI1",2020,29600,29300,18300,6.7,83.3,20.8
"ITI1",2021,33100,32500,19500,7.5,83.3,20.8
"ITI1",2022,37200,35600,21300,6,83.5,21.5
"ITI1",2023,39500,38100,22700,5.3,84.2,22.4
"ITI1",2024,41000,39200,23800,4,84.2,23.3
"ITI2",2008,25800,26000,17800,4.8,82.2,15.2
"ITI2",2009,23800,24300,16900,6.6,82.8,15.9
"ITI2",2010,24100,24600,17200,6.6,82.9,16.8
"ITI2",2011,24500,24900,17400,6.4,83.3,16.8
"ITI2",2012,23900,24200,16500,9.5,82.9,18.8
"ITI2",2013,23300,23800,16200,10.3,83.3,20.2
"ITI2",2014,22700,23400,15900,11.3,83.7,20.1
"ITI2",2015,23500,24200,16100,10.5,83,19.8
"ITI2",2016,24200,24400,16600,9.6,83.8,20.7
"ITI2",2017,25000,25100,17000,10.6,83.7,21.2
"ITI2",2018,25800,25900,17500,9.2,84.1,20.7
"ITI2",2019,26300,26200,17900,8.4,84.3,22.3
"ITI2",2020,24400,24200,17300,8.2,83.6,23
"ITI2",2021,27200,26700,18400,6.6,83.4,22.5
"ITI2",2022,30100,28800,20100,7.1,83.5,22.5
"ITI2",2023,32600,31400,21600,6,83.9,23.8
"ITI2",2024,34000,32500,22600,4.8,84.1,25.6
"ITI3",2008,25900,26200,17000,4.7,82.7,13.8
"ITI3",2009,24700,25200,16300,6.6,83,15.3
"ITI3",2010,24700,25200,16600,5.7,83.5,16.1
"ITI3",2011,25200,25700,16500,6.8,83.5,15.4
"ITI3",2012,24800,25100,15900,9.1,83.4,16.8
"ITI3",2013,24200,24800,15900,11,83.6,18.3
"ITI3",2014,24700,25500,15800,10.1,83.6,18.6
"ITI3",2015,25000,25700,16000,10,83.1,18.5
"ITI3",2016,26100,26300,16700,10.6,83.8,19.2
"ITI3",2017,26800,27000,17100,10.6,83.5,20.7
"ITI3",2018,27400,27500,17600,8.1,84.1,20.5
"ITI3",2019,28200,28100,18000,8.6,84.3,21.5
"ITI3",2020,26300,26100,17500,7.4,83.3,21.5
"ITI3",2021,29500,28900,18800,7.1,83.2,21.6
"ITI3",2022,32600,31200,20300,6.2,83.4,22.6
"ITI3",2023,34500,33300,21600,5.2,84.3,23.2
"ITI3",2024,35700,34100,22300,5.1,84.4,24.2
"ITI4",2008,35000,35400,19000,7.5,81.4,19.5
"ITI4",2009,33900,34600,18400,8.4,81.4,19.1
"ITI4",2010,33800,34500,18500,9.2,81.7,19.3
"ITI4",2011,34400,35000,18300,8.8,81.9,19.5
"ITI4",2012,33400,33800,17100,10.6,82,20.4
"ITI4",2013,32400,33100,16900,12,82.8,21
"ITI4",2014,32000,33000,16800,12.5,82.5,23.3
"ITI4",2015,32000,32900,17100,11.8,82.3,23.3
"ITI4",2016,34000,34200,17500,11.2,82.7,23.1
"ITI4",2017,34500,34700,17900,10.7,82.6,24.9
"ITI4",2018,35000,35200,18300,11.1,83.2,25.7
"ITI4",2019,36000,35800,18800,9.9,83.5,26.3
"ITI4",2020,33600,33200,18300,9.2,82.9,26.5
"ITI4",2021,36500,35800,19500,10,82.7,26.1
"ITI4",2022,41500,39800,21000,7.7,83.1,26.7
"ITI4",2023,43800,42200,22500,7.2,83,28.4
"ITI4",2024,45100,43200,23500,6.3,83.6,28.3
"LT01",2008,24100,15300,10900,NA,71.8,NA
"LT01",2009,20300,12600,9800,NA,73.2,NA
"LT01",2010,21900,13100,10600,NA,73.7,NA
"LT01",2011,24100,14600,11100,NA,74.1,NA
"LT01",2012,26000,15900,11400,NA,74.2,NA
"LT01",2013,27900,17100,12300,9.7,74.3,45.8
"LT01",2014,29500,18200,12800,8.5,74.5,47.3
"LT01",2015,30500,18900,13400,7.6,74.7,50.5
"LT01",2016,31400,19800,14600,5.6,75,52.4
"LT01",2017,33500,21600,14700,4.8,76,53.3
"LT01",2018,36500,24000,16100,4.6,76,54.7
"LT01",2019,39300,26100,17700,4.4,76.5,55.9
"LT01",2020,39000,26500,18400,6.8,75.7,58.6
"LT01",2021,43700,30100,20400,4.8,74.7,60.6
"LT01",2022,46500,35300,20700,4.6,76.5,62.1
"LT01",2023,50100,39400,21000,4.9,78.2,62
"LT01",2024,53000,41500,21900,5.9,78,61.8
"LT02",2008,13300,8500,8700,NA,71.7,NA
"LT02",2009,11400,7100,8100,NA,72.8,NA
"LT02",2010,12500,7500,8300,NA,73.1,NA
"LT02",2011,14300,8700,8700,NA,73.6,NA
"LT02",2012,15300,9300,9100,NA,74.1,NA
"LT02",2013,15900,9800,9900,12.6,74.1,31
"LT02",2014,16600,10200,10200,11.6,74.5,32.6
"LT02",2015,17000,10600,10800,9.8,74.3,34.1
"LT02",2016,17500,11100,11500,8.9,74.7,34.6
"LT02",2017,19000,12300,11600,8.1,75.5,34.7
"LT02",2018,20100,13300,12100,6.9,75.8,36
"LT02",2019,21200,14100,13200,7.2,76.3,37.6
"LT02",2020,21300,14400,14100,9.3,74.9,37.8
"LT02",2021,23400,16100,15100,8.2,74.1,38.5
"LT02",2022,24900,18900,15300,6.6,75.6,39.7
"LT02",2023,25600,20100,15900,7.8,77.1,39.4
"LT02",2024,27100,21200,17400,7.7,77.2,41
"LU00",2008,70500,81800,24300,5.1,80.7,27.7
"LU00",2009,65600,78400,23800,5.1,80.8,34.8
"LU00",2010,68300,83500,23800,4.4,80.8,35.5
"LU00",2011,70300,85300,24200,4.9,81.1,37
"LU00",2012,71300,87500,24700,5.1,81.5,39.1
"LU00",2013,72600,90000,25400,5.9,81.9,40.7
"LU00",2014,75200,92800,25300,5.9,81.8,45.9
"LU00",2015,77600,95100,25200,6.7,82,41.1
"LU00",2016,78500,96200,24700,6.3,82.3,42.6
"LU00",2017,78900,97400,25600,5.5,81.8,39.9
"LU00",2018,79000,98900,26500,5.6,82.1,44.1
"LU00",2019,78700,100400,26400,5.6,82.4,47
"LU00",2020,77900,102200,26800,6.8,82.1,47.1
"LU00",2021,87100,113900,26500,5.3,82.5,50.5
"LU00",2022,90400,117100,28000,4.6,82.8,52.3
"LU00",2023,95100,123000,30100,5.2,83.1,51.9
"LU00",2024,97700,127000,31500,6.4,83.2,54.7
"LV00",2008,14400,10700,8400,7.7,72.1,24.8
"LV00",2009,12500,8600,7200,17.5,72.8,25.8
"LV00",2010,13100,8400,7400,19.5,73.1,26.9
"LV00",2011,13900,9200,7200,16.2,73.9,27.7
"LV00",2012,15100,10400,7800,15,74.1,29.2
"LV00",2013,15800,10900,8100,11.9,74.3,31
"LV00",2014,16400,11400,8400,10.8,74.3,30.2
"LV00",2015,17300,12000,9100,9.9,74.7,31.6
"LV00",2016,17900,12500,9500,9.6,74.8,33.4
"LV00",2017,19000,13400,10100,8.7,74.8,33.9
"LV00",2018,20200,14600,10800,7.4,75,33.9
"LV00",2019,20900,15400,11200,6.3,75.7,35.7
"LV00",2020,20900,15400,11300,8.1,75.4,37.8
"LV00",2021,23500,17100,12800,7.6,73.2,39
"LV00",2022,24900,19100,13200,6.9,74.5,39.5
"LV00",2023,26700,21000,13300,6.5,75.6,39.2
"LV00",2024,27300,21600,14500,6.9,76.4,40.1
"MT00",2008,20600,15200,11000,6,79.7,13.3
"MT00",2009,20200,15200,10900,6.9,80.4,13.9
"MT00",2010,21800,16500,11600,6.9,81.5,14.9
"MT00",2011,21900,16900,12000,6.4,80.9,16.2
"MT00",2012,22700,17800,12300,6.2,NA,17.8
"MT00",2013,23900,19100,12600,6.1,81.8,19.6
"MT00",2014,25200,20600,12800,5.7,81.8,21.2
"MT00",2015,27500,23000,13700,5.4,81.7,21.6
"MT00",2016,28400,23900,14300,4.7,82.1,22.1
"MT00",2017,31400,26800,14800,4,82,23.9
"MT00",2018,32600,28200,15700,4,82.1,26.9
"MT00",2019,33300,28900,16600,4.1,82.4,29.7
"MT00",2020,31900,27800,16300,4.9,81.9,30.8
"MT00",2021,36200,32100,17500,3.8,82,32.1
"MT00",2022,37300,33800,19000,3.5,82.1,31.8
"MT00",2023,41800,37700,21100,3.5,83.1,33.2
"MT00",2024,43800,40600,23400,3.2,83,36.3
"NL11",2008,47800,52300,14600,5.9,80.1,27.5
"NL11",2009,41900,47100,14400,6.8,80.1,28.4
"NL11",2010,43400,48900,14300,6.2,80,33.8
"NL11",2011,44800,50200,14400,6.8,80.3,33.1
"NL11",2012,47100,52600,13900,7,80,33.2
"NL11",2013,49600,54900,14200,8.3,80.3,33.1
"NL11",2014,43000,48500,14600,8.6,80.6,31.6
"NL11",2015,39400,44300,15000,9.1,80.7,33.7
"NL11",2016,36600,41900,15400,8.2,80.8,36.3
"NL11",2017,38000,43200,15800,7.2,80.8,36
"NL11",2018,38500,44100,16400,5.5,81,36.2
"NL11",2019,37800,44600,16800,5.1,81.2,37.9
"NL11",2020,35400,41400,17500,5.2,81,40.6
"NL11",2021,40100,46600,18200,5.4,80.8,41.9
"NL11",2022,50600,58500,19500,4.7,80.9,42.4
"NL11",2023,46100,53900,20800,4.2,80.7,43.9
"NL11",2024,46800,54600,NA,4.7,80.7,44.6
"NL12",2008,26300,28800,15400,3.8,80.5,22.6
"NL12",2009,24900,28000,15000,4.4,80.8,24
"NL12",2010,25200,28400,14400,5.3,81.1,26.4
"NL12",2011,26100,29300,14500,5.1,81.2,26.8
"NL12",2012,25900,28900,14400,6.4,81,26.3
"NL12",2013,25800,28500,14400,8.4,81,27.2
"NL12",2014,25700,29000,14800,7.9,81.4,26
"NL12",2015,26100,29400,15100,7.9,81.3,25.4
"NL12",2016,26100,29900,15500,6.7,81.3,27.2
"NL12",2017,27300,31100,16000,5.6,81.6,29
"NL12",2018,28300,32400,16800,4.7,81.6,31.8
"NL12",2019,29000,34200,17000,3.7,81.9,33.3
"NL12",2020,29300,34300,17600,3.9,81.8,34.3
"NL12",2021,32100,37300,18100,4.5,81.3,33.5
"NL12",2022,36500,42200,19800,3.8,81.6,34.1
"NL12",2023,36900,43200,21500,4,81.8,37.4
"NL12",2024,39100,45500,NA,3.9,81.7,36.5
"NL13",2008,26300,28700,15300,4.4,80.8,23.4
"NL13",2009,24200,27200,14500,4.7,80.8,24
"NL13",2010,24400,27500,14700,4.9,80.9,24.6
"NL13",2011,25100,28100,14800,5.3,81.1,23.8
"NL13",2012,25800,28800,14300,6.4,80.9,25.3
"NL13",2013,26200,28900,14300,7.1,81.2,26.9
"NL13",2014,26000,29300,14800,7.3,81.6,27.8
"NL13",2015,26000,29300,15500,7.5,81.2,28.6
"NL13",2016,25600,29300,15700,6.5,81.4,28.9
"NL13",2017,26700,30400,16200,5,81.2,28.6
"NL13",2018,28000,32100,17100,4.2,81.5,31.1
"NL13",2019,28400,33500,17300,2.8,81.8,33.8
"NL13",2020,28100,32900,18000,3.7,81.5,34.6
"NL13",2021,30900,35900,18900,3.5,81,35.8
"NL13",2022,33800,39100,20400,2.9,80.8,36.6
"NL13",2023,35600,41600,22100,3.3,81.5,35.4
"NL13",2024,38300,44700,NA,3.4,81.4,35.1
"NL21",2008,29700,32400,15300,3.5,80.3,26.7
"NL21",2009,28500,32000,14600,4,80.5,26.3
"NL21",2010,28500,32200,14400,4.9,80.8,27.6
"NL21",2011,29300,32800,14600,4.9,81.1,28.6
"NL21",2012,29000,32400,14400,5.6,81.2,29.7
"NL21",2013,29400,32500,14500,7.2,81.2,30.3
"NL21",2014,29300,33000,14800,7.3,81.4,31.6
"NL21",2015,30200,34100,15200,6.9,81.4,31.4
"NL21",2016,31000,35500,15400,6.2,81.4,32
"NL21",2017,32500,37000,15900,5.1,81.5,34.2
"NL21",2018,33800,38700,16700,3.7,81.6,33.4
"NL21",2019,34400,40600,17000,3,81.8,34.3
"NL21",2020,34400,40300,17800,3.5,81.2,37.7
"NL21",2021,37600,43700,18900,3.8,81.1,39.9
"NL21",2022,41300,47800,20400,3.3,81.3,40.9
"NL21",2023,43000,50300,22100,2.9,81.6,39.4
"NL21",2024,46400,54100,NA,3.4,81.7,40.4
"NL22",2008,30400,33200,15700,3.5,80.5,29.2
"NL22",2009,29100,32700,15000,3.8,80.8,29.5
"NL22",2010,29000,32800,15000,4.6,80.9,30.9
"NL22",2011,29800,33500,15300,4.7,81.3,30
"NL22",2012,29600,33100,15600,5.3,81.1,31.2
"NL22",2013,29800,33000,15100,6.6,81.5,32.9
"NL22",2014,29900,33700,15300,6.9,81.7,34
"NL22",2015,30600,34500,15700,6.3,81.5,34
"NL22",2016,31000,35500,15900,5.6,81.7,33.4
"NL22",2017,32200,36600,16500,4.5,81.7,34.3
"NL22",2018,33500,38300,17400,3.3,81.7,35.3
"NL22",2019,34300,40500,17700,3.1,82,37.7
"NL22",2020,34300,40100,18500,3.5,81.3,38.1
"NL22",2021,37200,43300,19500,3.9,81.4,42.7
"NL22",2022,40700,47100,21100,3.5,81.6,42.4
"NL22",2023,42200,49400,22900,3.3,82,41.8
"NL22",2024,45700,53300,NA,3.5,81.9,43.3
"NL23",2008,27600,30200,14700,4.2,80.9,25.9
"NL23",2009,25300,28400,14400,4.5,81,25.8
"NL23",2010,25900,29200,14700,5.7,80.9,28.2
"NL23",2011,26900,30200,15200,5.4,80.9,29.3
"NL23",2012,26000,29000,15000,7.3,81.1,28.6
"NL23",2013,26500,29300,15600,9.9,81.3,29.3
"NL23",2014,26500,30000,15500,11,82.1,29.2
"NL23",2015,27100,30500,15500,7.9,81.8,30
"NL23",2016,27400,31400,15800,8,81.6,30.1
"NL23",2017,28300,32200,16300,5.7,82.4,33
"NL23",2018,29600,33900,17000,4.5,81.7,30.2
"NL23",2019,30500,36000,17500,3.5,82.2,32.4
"NL23",2020,30300,35500,18000,3.9,81.6,35
"NL23",2021,32500,37800,19000,4.6,81,35
"NL23",2022,36800,42500,20600,3.3,81.7,35.9
"NL23",2023,39600,46300,21700,4.3,81.9,37.9
"NL23",2024,41300,48200,NA,3.8,81.9,36.5
"NL32",2008,43700,47700,17400,3.5,80.6,35.3
"NL32",2009,40900,45900,17000,4.1,81,37.3
"NL32",2010,41700,47100,16700,4.7,81.3,38.7
"NL32",2011,42300,47500,16800,5,81.4,38.6
"NL32",2012,42900,47900,16700,5.4,81.2,38.5
"NL32",2013,44300,49000,16600,7.2,81.5,39.2
"NL32",2014,45600,51400,17100,6.9,81.7,40.8
"NL32",2015,47600,53600,17100,6.2,81.5,41.6
"NL32",2016,48300,55300,17600,5.5,81.5,42.9
"NL32",2017,50300,57300,17900,4.5,81.9,44.4
"NL32",2018,52500,60100,19000,3.8,82,45.4
"NL32",2019,53800,63400,19400,3.2,82.3,48.5
"NL32",2020,51100,59800,19900,3.9,81.7,49.9
"NL32",2021,56000,65100,21600,4.5,81.5,49.1
"NL32",2022,63100,73000,23400,3.6,81.8,51.6
"NL32",2023,66100,77300,24300,3.8,82,50.7
"NL32",2024,69900,81500,NA,3.8,82.1,50.8
"NL34",2008,27800,30300,15800,2.7,81.1,23.1
"NL34",2009,25600,28700,15600,2.5,81.8,25.7
"NL34",2010,26900,30300,15200,3,81.1,26.4
"NL34",2011,28000,31400,15200,3.2,81.8,24.9
"NL34",2012,27800,31000,15700,3.5,81.9,22
"NL34",2013,28200,31100,16200,5,81.7,23.8
"NL34",2014,28100,31700,16100,5.4,82.6,24.9
"NL34",2015,29100,32700,15800,5.3,82.3,25.1
"NL34",2016,29000,33300,16100,3.9,81.9,26.1
"NL34",2017,30300,34500,16400,2.9,82,27.8
"NL34",2018,32000,36700,17300,2.7,82.1,29.1
"NL34",2019,32300,38200,17500,2.6,82.5,29.7
"NL34",2020,32400,37900,18100,2.6,82.4,31.8
"NL34",2021,34400,40000,18900,3.6,81.3,29.8
"NL34",2022,39700,45900,20600,2.6,81.9,32.1
"NL34",2023,42900,50100,22200,2.1,82.2,29.8
"NL34",2024,45100,52600,NA,2.1,82.1,30.4
"NL35",2008,43100,47100,16600,NA,NA,NA
"NL35",2009,42100,47300,16100,NA,NA,NA
"NL35",2010,41400,46700,16600,NA,NA,NA
"NL35",2011,41500,46500,16400,NA,NA,NA
"NL35",2012,41600,46500,16300,NA,NA,NA
"NL35",2013,42900,47400,16100,NA,NA,NA
"NL35",2014,42900,48400,16600,NA,82,NA
"NL35",2015,43600,49100,17000,NA,82,NA
"NL35",2016,44000,50400,17400,NA,81.9,NA
"NL35",2017,46500,52900,17900,NA,82.1,NA
"NL35",2018,48200,55200,18700,NA,82.2,NA
"NL35",2019,48600,57400,19100,2.9,82.6,52.7
"NL35",2020,49700,58200,19900,3.5,82,55.7
"NL35",2021,53700,62500,21400,4,82,51.5
"NL35",2022,57500,66500,23200,3.3,82.1,56.1
"NL35",2023,60300,70500,24700,3.3,82.2,56.4
"NL35",2024,64900,75600,NA,3.7,82.4,56.5
"NL36",2008,37800,41200,16500,NA,NA,NA
"NL36",2009,35000,39300,16100,NA,NA,NA
"NL36",2010,35200,39800,15600,NA,NA,NA
"NL36",2011,35700,40100,15700,NA,NA,NA
"NL36",2012,35500,39600,15900,NA,NA,NA
"NL36",2013,35700,39500,15800,NA,NA,NA
"NL36",2014,35300,39900,15800,NA,81.8,NA
"NL36",2015,36700,41400,16100,NA,81.7,NA
"NL36",2016,36800,42100,16300,NA,81.7,NA
"NL36",2017,37800,43100,16800,NA,81.9,NA
"NL36",2018,38800,44400,17700,NA,81.8,NA
"NL36",2019,39300,46400,18000,4.1,82.1,40.8
"NL36",2020,39000,45700,18800,4.4,81.3,44.2
"NL36",2021,42400,49300,19900,5.1,81.4,44.7
"NL36",2022,46600,53900,21700,4,81.7,45.7
"NL36",2023,48200,56400,22900,4,81.9,45.2
"NL36",2024,51500,60000,NA,4.1,82,45.2
"NL41",2008,35000,38300,16200,3.2,80.4,28.8
"NL41",2009,33000,37100,15500,4,80.8,28.5
"NL41",2010,33800,38100,15300,4.7,81.1,29.3
"NL41",2011,34700,38900,15500,4.6,81.3,30
"NL41",2012,35100,39100,15400,5.3,81.3,31.6
"NL41",2013,35400,39200,15300,6.7,81.5,32.2
"NL41",2014,35400,39900,15600,7,81.5,33.2
"NL41",2015,36500,41100,16000,6.5,81.4,33.2
"NL41",2016,37300,42700,16300,5.3,81.4,34.4
"NL41",2017,39300,44700,16900,4.2,81.6,34.4
"NL41",2018,40800,46700,17800,3.5,81.7,36
"NL41",2019,41600,49000,18200,3.2,82,38.1
"NL41",2020,41600,48700,19000,3.5,81.1,41.1
"NL41",2021,45600,53000,20000,3.2,81.4,40
"NL41",2022,49100,56700,21800,3,81.7,43
"NL41",2023,51800,60600,23400,3.2,81.7,42.6
"NL41",2024,55400,64600,NA,3.2,82,43.1
"NL42",2008,30400,33300,15400,4.6,79.9,25.6
"NL42",2009,28300,31800,14800,5.6,80.6,26.1
"NL42",2010,28900,32600,14400,5.6,80.5,25.5
"NL42",2011,29900,33500,14800,4.8,81,25.5
"NL42",2012,29500,32900,14700,5.4,80.8,26.1
"NL42",2013,30300,33500,14800,7.4,81.1,27.4
"NL42",2014,30300,34200,15100,7.4,81.3,27.1
"NL42",2015,31300,35200,15500,6.3,80.8,29.4
"NL42",2016,32500,37200,15600,5.7,81.3,29.3
"NL42",2017,33800,38500,16200,4.8,81.3,30.9
"NL42",2018,34900,40000,16900,3.4,81.6,32.2
"NL42",2019,35100,41400,17300,3.1,81.6,33.6
"NL42",2020,34600,40500,18100,3.5,80.8,34.6
"NL42",2021,38000,44200,18700,3.8,80.7,38.4
"NL42",2022,40200,46500,20400,3.6,81.5,37.8
"NL42",2023,41900,49000,22000,3.4,81.5,36.9
"NL42",2024,44100,51400,NA,3.3,81.6,37.2
"NO02",2008,25600,35500,NA,2.4,80.1,25
"NO02",2009,24300,33500,NA,2.5,80.1,27
"NO02",2010,24900,37600,NA,3.2,80.3,29.4
"NO02",2011,25700,40200,16200,2.9,81,29
"NO02",2012,26500,43400,16900,3,80.6,30.8
"NO02",2013,26900,43200,17500,2.9,80.9,30.4
"NO02",2014,27500,42600,17800,2.9,81.2,33.6
"NO02",2015,27300,42200,17600,4.5,81.6,33.8
"NO02",2016,27200,42400,17200,4.5,81.6,35.5
"NO02",2017,28600,43600,18200,2.9,81.9,36.3
"NO02",2018,30000,44200,18700,2.9,81.7,33.9
"NO02",2019,30100,44600,18800,3.3,82,32.5
"NO02",2020,30100,42200,18900,3.7,82.3,35.3
"NO02",2021,34700,48100,NA,3.6,82.4,38.3
"NO02",2022,NA,NA,NA,NA,81.7,39
"NO02",2023,NA,NA,NA,3,82,39.6
"NO02",2024,NA,NA,NA,3.7,82.2,41.3
"NO06",2008,29800,41400,NA,3.3,81.2,35.3
"NO06",2009,28700,39600,NA,3.7,81.3,35.6
"NO06",2010,30400,46000,NA,3.6,81.4,37
"NO06",2011,30900,48300,16700,3.5,81.5,38.3
"NO06",2012,32700,53500,17500,3.3,82.1,37.6
"NO06",2013,33500,53700,18200,2.6,82.1,37.9
"NO06",2014,33600,52100,18400,3.8,82.2,40.7
"NO06",2015,33200,51300,18200,3.7,82.6,44
"NO06",2016,33100,51600,17800,4,82.8,43.2
"NO06",2017,35400,53800,18900,3,82.6,43
"NO06",2018,37000,54500,19200,3.1,82.9,44.4
"NO06",2019,36800,54400,19400,3.9,83,44.4
"NO06",2020,35700,49900,19500,3.6,83.7,46.4
"NO06",2021,39900,55300,NA,3.5,83.6,48.4
"NO06",2022,NA,NA,NA,2.5,82.7,47.1
"NO06",2023,NA,NA,NA,3.5,83.2,48.2
"NO06",2024,NA,NA,NA,3.8,83.4,49.4
"NO07",2008,27900,38800,NA,2.9,80.1,31.8
"NO07",2009,27400,37800,NA,3.7,80.7,32.6
"NO07",2010,29400,44400,NA,3.8,80.7,33.4
"NO07",2011,29500,46200,16800,3.5,80.6,33.5
"NO07",2012,30400,49800,17500,3.3,80.9,32.1
"NO07",2013,31600,50700,18100,3.2,81.1,35.2
"NO07",2014,32300,50000,18400,3.3,81.5,38.9
"NO07",2015,31200,48200,18100,3.4,81.7,38.7
"NO07",2016,32700,50900,17700,3.2,81.9,39.5
"NO07",2017,34400,52300,18900,3.2,82,39.2
"NO07",2018,36300,53400,19200,3.3,82.2,40.3
"NO07",2019,36200,53500,19500,3,81.8,40.5
"NO07",2020,34000,47500,19600,3.5,82.4,40.3
"NO07",2021,39100,54200,NA,3.8,82.5,39.9
"NO07",2022,NA,NA,NA,2.2,82,42.8
"NO07",2023,NA,NA,NA,2.8,82.3,42.3
"NO07",2024,NA,NA,NA,2.7,82.6,41.6
"NO08",2008,41000,57000,NA,NA,NA,NA
"NO08",2009,38900,53600,NA,NA,NA,NA
"NO08",2010,40200,60800,NA,NA,NA,NA
"NO08",2011,40800,63800,18400,NA,NA,NA
"NO08",2012,42900,70200,19000,NA,NA,NA
"NO08",2013,43700,70000,19600,NA,NA,NA
"NO08",2014,43700,67700,19900,NA,82.2,NA
"NO08",2015,42000,64900,20100,NA,82.4,NA
"NO08",2016,41500,64500,19400,4.7,82.7,48.4
"NO08",2017,43300,66000,20500,4.6,82.9,48.5
"NO08",2018,44800,66000,20800,4.1,83.1,48.3
"NO08",2019,45800,67700,21100,3.9,83.3,49.3
"NO08",2020,44500,62300,21000,5,83.4,50
"NO08",2021,48900,67700,NA,5.3,83.2,51.3
"NO08",2022,NA,NA,NA,3.9,82.9,51.5
"NO08",2023,NA,NA,NA,3.9,83.3,53.4
"NO08",2024,NA,NA,NA,4.7,83.4,55.4
"NO09",2008,29700,41300,NA,NA,NA,NA
"NO09",2009,28200,38800,NA,NA,NA,NA
"NO09",2010,28500,43100,NA,NA,NA,NA
"NO09",2011,28600,44800,16500,NA,NA,NA
"NO09",2012,29800,48700,17100,NA,NA,NA
"NO09",2013,29700,47600,17700,NA,NA,NA
"NO09",2014,29700,46100,18000,NA,81.6,NA
"NO09",2015,29200,45100,17900,NA,81.7,NA
"NO09",2016,28100,43700,17300,5.2,81.9,36.9
"NO09",2017,29200,44400,18200,4.6,82,37.3
"NO09",2018,31000,45700,18400,4,82.2,37.5
"NO09",2019,30900,45700,18800,3.7,82.6,39.1
"NO09",2020,29900,41800,18800,4.3,82.8,39.3
"NO09",2021,35300,49000,NA,4.4,82.9,41.1
"NO09",2022,NA,NA,NA,3.7,82.3,42.2
"NO09",2023,NA,NA,NA,3.7,82.7,41.6
"NO09",2024,NA,NA,NA,4.1,82.8,41.2
"NO0A",2008,37100,51600,NA,NA,NA,NA
"NO0A",2009,35600,49000,NA,NA,NA,NA
"NO0A",2010,37100,56000,NA,NA,NA,NA
"NO0A",2011,37300,58400,17700,NA,NA,NA
"NO0A",2012,39200,64100,18500,NA,NA,NA
"NO0A",2013,40400,64800,19200,NA,NA,NA
"NO0A",2014,40400,62600,19500,NA,82.7,NA
"NO0A",2015,38900,60000,19300,NA,82.8,NA
"NO0A",2016,36500,56700,18300,5.1,82.7,42.4
"NO0A",2017,37600,57300,19200,4.4,83.2,42
"NO0A",2018,38600,56900,19500,3.9,83.1,43.6
"NO0A",2019,39600,58500,20000,3.7,83.4,43.1
"NO0A",2020,37800,52900,20100,4.5,83.6,45.5
"NO0A",2021,42800,59300,NA,3.9,83.6,47.7
"NO0A",2022,NA,NA,NA,2.9,83,48.3
"NO0A",2023,NA,NA,NA,3.5,83.3,48.8
"NO0A",2024,NA,NA,NA,3.6,83.6,48.7
"PL21",2008,12800,8600,8000,6.2,76.9,20.2
"PL21",2009,12900,7400,8400,7.9,77.2,21.7
"PL21",2010,14000,8300,9200,9.1,77.8,23.1
"PL21",2011,15100,8900,9700,9.4,78.1,24.4
"PL21",2012,15500,9000,10200,10.4,78.1,25.8
"PL21",2013,15600,9100,10300,10.9,78.5,26.6
"PL21",2014,16200,9600,10900,9.1,78.8,27.3
"PL21",2015,17500,10200,11300,7.2,78.6,28.9
"PL21",2016,17800,10200,11600,5.2,79,30.7
"PL21",2017,18900,11300,12100,4.2,78.9,33.6
"PL21",2018,20200,12200,12700,2.9,78.9,33
"PL21",2019,21300,12900,13400,2.9,79,34
"PL21",2020,21600,12900,14300,2.7,77.5,34.3
"PL21",2021,23900,14400,14100,3.2,76.9,36.4
"PL21",2022,25000,15600,15100,2.4,78.4,36.2
"PL21",2023,26300,17800,15900,2.3,79.5,40.5
"PL21",2024,28100,20300,NA,2.5,79.6,41.9
"PL22",2008,15100,10200,9400,6.6,75,17.6
"PL22",2009,15500,8800,9900,6.8,75.2,20.5
"PL22",2010,16900,10100,10900,9.2,75.8,21.7
"PL22",2011,18100,10600,11300,9.2,76,22.7
"PL22",2012,18400,10700,12100,9.4,76.1,23.3
"PL22",2013,18200,10600,12200,9.7,76.3,24.4
"PL22",2014,18800,11100,12700,8.6,76.7,25
"PL22",2015,20000,11800,13300,7.2,76.5,25.4
"PL22",2016,20300,11600,13500,5.4,77.1,27.2
"PL22",2017,21300,12700,13800,3.9,77,28.2
"PL22",2018,22600,13700,14400,3.4,77,29.7
"PL22",2019,23800,14400,15300,2.4,77.4,31
"PL22",2020,23900,14300,16500,2.7,75.8,30.8
"PL22",2021,26900,16200,16200,2.9,74.6,31.9
"PL22",2022,29500,18300,17400,2.2,76.4,33
"PL22",2023,30400,20600,18700,2.5,77.6,36.6
"PL22",2024,31400,22600,NA,2.4,78,38.4
"PL41",2008,15100,10200,9000,6.1,75.8,17.2
"PL41",2009,15700,9000,9400,7.5,76,17.5
"PL41",2010,16600,9900,10200,8.8,76.7,20.3
"PL41",2011,17800,10500,10800,8.6,77.1,21.5
"PL41",2012,18500,10700,11400,8.5,77.1,22.4
"PL41",2013,18800,11000,11600,8.8,77.2,23.4
"PL41",2014,19500,11500,12200,7.7,77.6,24.6
"PL41",2015,21000,12300,12600,5.8,77.3,25.7
"PL41",2016,21400,12200,13100,4.8,77.8,25.6
"PL41",2017,22500,13400,13500,3.1,77.8,25.2
"PL41",2018,23600,14300,14100,2.2,77.5,26.5
"PL41",2019,25200,15300,14800,2.6,78,28.5
"PL41",2020,25600,15300,15600,1.8,76.5,29.5
"PL41",2021,27700,16700,15200,2.3,75.7,27.9
"PL41",2022,29400,18300,16300,2,77.2,28.9
"PL41",2023,30900,20900,17300,2.8,78.2,33.6
"PL41",2024,32900,23700,NA,2.3,78.5,35
"PL42",2008,12700,8600,8700,9.5,75.2,19.3
"PL42",2009,12600,7200,9000,10.4,75.4,20.1
"PL42",2010,13700,8200,9800,12.4,76,20.8
"PL42",2011,14300,8400,10100,11.8,76.6,21
"PL42",2012,14800,8600,10500,10.9,76.8,22.5
"PL42",2013,14800,8600,10700,10.1,76.7,23.9
"PL42",2014,15500,9100,11200,8.4,77.3,24.1
"PL42",2015,16600,9700,11600,7.5,77.2,24.5
"PL42",2016,16600,9500,12000,7,77.4,26
"PL42",2017,17400,10400,12300,4.7,77.4,26.7
"PL42",2018,18400,11200,12900,3.8,77.2,28.6
"PL42",2019,19400,11800,13600,3.1,77.3,29.6
"PL42",2020,20300,12100,14800,3.4,76.1,29.9
"PL42",2021,22100,13300,14700,3.5,75,30
"PL42",2022,23100,14400,15600,2.3,76.5,33
"PL42",2023,24200,16400,16500,2.2,77.6,36.8
"PL42",2024,25700,18500,NA,2.7,77.9,39.6
"PL43",2008,12300,8300,8200,6.5,75,15.3
"PL43",2009,12500,7100,8400,9.6,75.2,16.3
"PL43",2010,13500,8100,9100,10.6,76.1,18.1
"PL43",2011,14200,8300,9500,9.5,76,19.3
"PL43",2012,14600,8500,9800,9,76.5,18.7
"PL43",2013,14800,8600,9900,9.7,76.3,20.6
"PL43",2014,15600,9200,10300,8.3,77.1,22.7
"PL43",2015,16300,9600,10600,6.4,76.7,22.4
"PL43",2016,16600,9500,11000,4.7,77.1,22.5
"PL43",2017,17200,10300,11300,3.7,77.2,23.7
"PL43",2018,18100,10900,11700,3,76.7,24.8
"PL43",2019,19000,11500,12300,2,76.8,25.9
"PL43",2020,19700,11800,13400,NA,75.7,28.1
"PL43",2021,21500,13000,13300,NA,74.4,29.1
"PL43",2022,22900,14300,14000,NA,76.3,28.8
"PL43",2023,23600,15900,15000,NA,77.7,31.1
"PL43",2024,25000,18100,NA,NA,78,31.3
"PL51",2008,15400,10400,8700,9.1,74.9,18.5
"PL51",2009,15900,9100,9200,10.1,75.3,19.8
"PL51",2010,17900,10700,10100,11.4,76.2,21.2
"PL51",2011,19300,11300,10500,10.6,76.7,22.5
"PL51",2012,19800,11500,11100,11.1,76.6,23.7
"PL51",2013,19600,11400,11300,11.3,76.9,25.1
"PL51",2014,20400,12000,11900,9.1,77.1,27.2
"PL51",2015,21600,12700,12400,7,77,27.2
"PL51",2016,21800,12500,12800,5.5,77.4,28.8
"PL51",2017,22900,13600,13200,4.7,77.2,29.8
"PL51",2018,23900,14500,13900,3.3,77,31.7
"PL51",2019,25500,15500,14700,3.3,77.4,35
"PL51",2020,26100,15600,15900,3.2,76.2,36.5
"PL51",2021,29000,17500,15600,4.1,75.2,36.7
"PL51",2022,30300,18900,16200,3.5,76.6,36.1
"PL51",2023,31500,21400,17200,3,78,39.7
"PL51",2024,33300,24100,NA,3.4,78.1,42.8
"PL52",2008,12200,8300,7600,6.5,76.1,17.5
"PL52",2009,11900,6800,7900,9.9,76.9,16.2
"PL52",2010,13400,8000,9000,9.7,77,18
"PL52",2011,14300,8400,9400,9.3,77.5,18.1
"PL52",2012,14600,8500,9900,9.5,77.1,20
"PL52",2013,14600,8500,9900,9.4,77.2,20.9
"PL52",2014,15300,9000,10400,7.8,77.9,23.1
"PL52",2015,16200,9500,10900,6.5,77.3,24.8
"PL52",2016,16200,9300,11300,5,78,24.7
"PL52",2017,17000,10100,11600,4.3,77.5,25.9
"PL52",2018,17900,10800,12100,3.2,77.8,25.9
"PL52",2019,19000,11500,12900,3.2,78,26.3
"PL52",2020,19400,11600,14100,2.8,76.4,27.7
"PL52",2021,21900,13200,14000,2.8,75.6,27.8
"PL52",2022,22900,14200,14900,2.7,77.2,28
"PL52",2023,23700,16100,16000,2.7,78.6,30.1
"PL52",2024,25300,18200,NA,2.4,78.6,33.1
"PL61",2008,12200,8200,8100,9.1,75.3,15.3
"PL61",2009,12200,7000,8300,10.4,75.4,16.2
"PL61",2010,13200,7900,9000,10.6,75.7,17.1
"PL61",2011,13900,8100,9300,11,76.6,19
"PL61",2012,14200,8300,9700,11.9,76.6,20.1
"PL61",2013,14500,8400,9900,12.4,76.9,20.7
"PL61",2014,14900,8800,10300,10.7,77.2,20.2
"PL61",2015,15800,9300,10600,7.9,77.4,21.2
"PL61",2016,16100,9200,11100,7.4,77.5,23.2
"PL61",2017,16700,10000,11400,5.5,77.5,24.7
"PL61",2018,17800,10800,11900,4.3,77.1,25.3
"PL61",2019,18500,11300,12500,3.9,77.4,24.7
"PL61",2020,19700,11800,13700,3.1,76.2,26.9
"PL61",2021,21500,13000,13600,4.5,74.8,28.2
"PL61",2022,23400,14500,14800,3.9,76.7,28.2
"PL61",2023,23700,16000,16000,3.8,77.6,31.1
"PL61",2024,25300,18200,NA,4.2,78.2,31.6
"PL62",2008,10500,7100,7600,7.4,75.2,15.8
"PL62",2009,10700,6100,7800,8.5,75.3,19.7
"PL62",2010,11700,7000,8500,9.7,76.1,19.7
"PL62",2011,12300,7200,9000,9.6,76.5,19.4
"PL62",2012,12600,7300,9400,11,76.5,18.9
"PL62",2013,12700,7400,9600,11.4,76.3,20.7
"PL62",2014,13300,7800,9900,9.8,77.1,21.9
"PL62",2015,13900,8200,10200,9.5,76.8,22.6
"PL62",2016,14200,8100,10700,8.8,76.9,23.1
"PL62",2017,14700,8800,11000,7.2,77,23.4
"PL62",2018,15300,9200,11500,5.6,76.7,23.6
"PL62",2019,16100,9800,12100,3.3,77,24.2
"PL62",2020,17300,10400,13500,3,75.9,23.9
"PL62",2021,18900,11400,13400,3.5,74.5,25.3
"PL62",2022,20100,12500,14600,3.4,76.3,28
"PL62",2023,20800,14100,15600,2.6,77.6,31.2
"PL62",2024,22200,16100,NA,3.8,77.9,31.2
"PL63",2008,13500,9200,8500,5.5,76.1,19.5
"PL63",2009,14300,8200,9100,6.4,76.5,21.1
"PL63",2010,15200,9100,9800,9.3,77.2,22.7
"PL63",2011,16300,9500,10200,8.5,77.7,23.9
"PL63",2012,17100,9900,10600,9.6,77.3,25.9
"PL63",2013,16900,9800,10700,10.1,77.9,26.7
"PL63",2014,17300,10200,11300,8.6,78,26.5
"PL63",2015,18600,10900,11600,6.6,77.8,28.1
"PL63",2016,19000,10900,12000,5.7,78.1,30.6
"PL63",2017,19900,11900,12400,4.2,78.2,32.8
"PL63",2018,21200,12900,12900,3,78.1,32.8
"PL63",2019,22600,13700,13600,2.8,78.3,34.5
"PL63",2020,22300,13400,14500,3.2,77,35.3
"PL63",2021,25100,15100,14400,2.4,76.1,35
"PL63",2022,27700,17300,15200,1.9,77.2,38.6
"PL63",2023,28200,19100,16100,1.9,78.6,42.4
"PL63",2024,29900,21600,NA,2.2,78.7,42.8
"PL71",2008,13400,9000,8900,6.7,NA,19.2
"PL71",2009,13500,7700,9100,7.6,NA,20.2
"PL71",2010,14900,8900,10000,9.3,NA,21.3
"PL71",2011,15800,9300,10300,9.3,NA,21.9
"PL71",2012,16500,9600,10900,11.1,NA,23.5
"PL71",2013,16500,9600,11000,11.1,75.4,23.5
"PL71",2014,17200,10100,11500,8.9,76.1,25.4
"PL71",2015,18200,10700,11900,7.7,75.8,26.8
"PL71",2016,18500,10600,12400,5.6,76.3,27.3
"PL71",2017,19400,11500,12800,4.6,76.2,28.1
"PL71",2018,20400,12400,13400,4.4,76.2,29
"PL71",2019,22000,13400,14100,3.6,76.8,29.1
"PL71",2020,23100,13800,15300,3.1,75.2,30.4
"PL71",2021,25000,15000,15100,4.5,74.6,30.2
"PL71",2022,26500,16500,16200,3.5,76,30.4
"PL71",2023,28000,19000,17600,3.8,77.2,33.5
"PL71",2024,29600,21400,NA,3.5,77.5,34.8
"PL72",2008,11900,8000,7900,8.8,NA,19.1
"PL72",2009,11700,6700,8100,10.9,NA,21
"PL72",2010,12500,7400,8700,12.1,NA,21.3
"PL72",2011,13200,7700,9200,13,NA,21.5
"PL72",2012,13400,7800,9600,13.2,NA,23.6
"PL72",2013,13100,7600,9600,13,77.1,26
"PL72",2014,13600,8000,10000,11.4,77.7,25.8
"PL72",2015,14300,8400,10400,10.1,77.2,25.2
"PL72",2016,14400,8200,10800,8.9,77.7,27.4
"PL72",2017,15100,9000,11200,7,77.7,27.9
"PL72",2018,16200,9800,11700,5.8,77.6,28.9
"PL72",2019,17000,10300,12200,4.1,77.9,30.1
"PL72",2020,18000,10800,13500,4.3,76,31.9
"PL72",2021,19600,11800,13500,4.5,75.3,30.4
"PL72",2022,20600,12800,14700,3.8,76.8,30.9
"PL72",2023,22100,14900,15700,3.8,77.9,33.7
"PL72",2024,24000,17300,NA,3.7,78.2,35.6
"PL81",2008,10200,6900,7400,8.9,NA,19.3
"PL81",2009,10200,5800,7700,9.7,NA,20.8
"PL81",2010,11100,6600,8500,9.9,NA,21.4
"PL81",2011,12000,7000,9000,10.3,NA,22.1
"PL81",2012,12500,7200,9400,10.5,NA,24
"PL81",2013,12700,7400,9600,10.3,77.1,25.5
"PL81",2014,13000,7600,9900,9.9,77.6,26.9
"PL81",2015,13500,7900,10200,9.3,77.6,27.1
"PL81",2016,13800,7900,10700,8,78,26.6
"PL81",2017,14600,8700,11100,7.2,77.7,26.9
"PL81",2018,15100,9100,11500,6.3,77.7,28.8
"PL81",2019,16100,9800,12100,5.4,78.1,31.2
"PL81",2020,16900,10100,13400,5.6,76.4,33.5
"PL81",2021,18400,11100,13200,5.2,75,31.3
"PL81",2022,19700,12300,14300,4.8,77.2,29.8
"PL81",2023,20300,13800,15400,4,78.3,34
"PL81",2024,22100,16000,NA,3.3,78.6,36.2
"PL82",2008,10100,6800,6800,8.2,NA,18.3
"PL82",2009,10300,5900,7100,10.2,NA,21
"PL82",2010,11100,6700,7700,11.7,NA,21
"PL82",2011,12000,7100,8100,12.5,NA,20.5
"PL82",2012,12400,7200,8500,13.3,NA,21.9
"PL82",2013,12700,7400,8600,14.4,78.6,23.1
"PL82",2014,13100,7700,9000,14,78.7,23.8
"PL82",2015,13900,8100,9300,11.6,78.5,25.3
"PL82",2016,14000,8000,9700,9.6,79,27.5
"PL82",2017,14600,8700,10000,8.4,79.1,28.3
"PL82",2018,15600,9400,10500,6.5,79.1,28.4
"PL82",2019,16600,10100,11100,5,79.1,29.4
"PL82",2020,17100,10200,12300,4.3,77.4,29.7
"PL82",2021,18900,11400,12300,4.8,76.2,30.2
"PL82",2022,20000,12400,13100,4.7,78.3,30.6
"PL82",2023,21100,14300,14100,4.3,79.6,32.9
"PL82",2024,22900,16500,NA,3.7,79.5,33.1
"PL84",2008,10500,7100,7300,6.4,NA,19.9
"PL84",2009,10900,6200,7700,7.1,NA,21.5
"PL84",2010,12000,7200,8500,10.3,NA,22.6
"PL84",2011,12900,7600,9100,9.3,NA,24
"PL84",2012,13000,7600,9400,9.3,NA,24.7
"PL84",2013,13400,7800,9900,9.9,77.7,26.1
"PL84",2014,13700,8100,10000,9.2,78.2,27.8
"PL84",2015,14300,8400,10200,7,77.9,28.1
"PL84",2016,14500,8300,10800,6.7,78.2,29.2
"PL84",2017,15400,9200,11100,4.7,78.3,30.5
"PL84",2018,16300,9800,11500,3.2,78.1,32.3
"PL84",2019,17400,10600,12100,3,78.5,32.9
"PL84",2020,18500,11100,13200,2.8,77,31.7
"PL84",2021,19900,12000,13100,3.2,75.3,33
"PL84",2022,21800,13600,14400,2.5,77.7,34.7
"PL84",2023,22800,15400,15400,2.3,78.8,36
"PL84",2024,24300,17600,NA,2.9,79.3,37.2
"PL91",2008,30500,20600,11300,NA,NA,NA
"PL91",2009,31200,17800,12100,NA,NA,NA
"PL91",2010,34300,20500,14900,NA,NA,NA
"PL91",2011,36300,21300,15700,NA,NA,NA
"PL91",2012,37700,21900,16900,NA,NA,NA
"PL91",2013,38300,22300,17400,6,NA,48
"PL91",2014,39100,23000,18100,5.8,79,51.7
"PL91",2015,41300,24200,18500,4.9,78.9,52.1
"PL91",2016,41600,23800,18900,3.7,79.2,53.3
"PL91",2017,44100,26300,19200,3.5,79,56.7
"PL91",2018,47100,28500,20000,2.4,78.9,57.4
"PL91",2019,50400,30600,21300,2.1,79.3,56.1
"PL91",2020,48300,28900,21400,2.6,77.9,57.8
"PL91",2021,51300,30900,20600,2.1,76.8,58.1
"PL91",2022,54500,33900,21100,2,78.7,57.7
"PL91",2023,59300,40200,22500,1.9,79.5,62
"PL91",2024,62800,45300,NA,2.5,79.9,64.7
"PL92",2008,11800,8000,8300,NA,NA,NA
"PL92",2009,12200,7000,8800,NA,NA,NA
"PL92",2010,13500,8100,9500,NA,NA,NA
"PL92",2011,14900,8700,10300,NA,NA,NA
"PL92",2012,15300,8900,10700,NA,NA,NA
"PL92",2013,15200,8800,10500,10.5,NA,20.4
"PL92",2014,15900,9300,11300,8.9,76.6,21.5
"PL92",2015,17000,10000,11800,8.3,76.7,21.6
"PL92",2016,17300,9900,12300,7.8,76.9,21.8
"PL92",2017,18200,10800,12800,6.4,76.7,22.6
"PL92",2018,19000,11500,13300,5.7,76.6,23.6
"PL92",2019,20600,12500,13900,4.5,76.9,26.2
"PL92",2020,21100,12600,15200,4.7,75.3,26.3
"PL92",2021,23300,14000,14900,3.8,74.4,28.2
"PL92",2022,26500,16500,16500,3.7,76.3,29.7
"PL92",2023,26800,18100,17900,3.1,77.3,32.2
"PL92",2024,28500,20600,NA,3.5,77.7,31.8
"PT11",2008,16600,13600,10700,8.7,80,11.8
"PT11",2009,16000,13300,10700,11.1,80.2,12.5
"PT11",2010,16600,13700,11000,12.8,80.5,12.8
"PT11",2011,16100,13500,10700,13.3,81,14.8
"PT11",2012,16100,13200,10600,16.2,80.9,16.5
"PT11",2013,16800,13600,10900,17.5,81.3,16.5
"PT11",2014,17400,14000,10900,15,81.6,18.2
"PT11",2015,18000,14600,11400,13.8,81.7,18.7
"PT11",2016,18600,15300,11700,12.2,81.8,20.2
"PT11",2017,19200,16100,11700,9.8,82.1,20.5
"PT11",2018,20200,17000,12400,7.3,82.1,21.7
"PT11",2019,20900,17700,12900,6.7,82.5,23.1
"PT11",2020,19900,16900,12400,6.9,81.6,23.7
"PT11",2021,21500,18200,13300,6.7,82.4,24.9
"PT11",2022,23900,20000,14600,6,82.3,25.8
"PT11",2023,26600,21900,16000,7,82.9,26.3
"PT11",2024,28300,23300,NA,6.6,83.1,29.1
"PT15",2008,22100,18100,13700,7.1,78.7,12.5
"PT15",2009,20400,16900,13500,10.5,79.3,14.9
"PT15",2010,20500,16900,13200,13.5,80.3,15.2
"PT15",2011,19500,16300,12600,15.6,80.3,16.4
"PT15",2012,19300,15900,13000,17.9,80.3,18.1
"PT15",2013,19900,16100,13300,17.1,80.6,18.6
"PT15",2014,20600,16600,13600,14.6,81,19.4
"PT15",2015,21400,17400,14100,12.6,81,19.6
"PT15",2016,22800,18700,14800,9.3,80.6,21
"PT15",2017,24000,20100,15300,7.7,80.7,22.4
"PT15",2018,25000,21100,16200,6.4,80.8,22.2
"PT15",2019,25900,21900,17100,7,81.2,22.1
"PT15",2020,21200,18000,15700,8.4,81,23.9
"PT15",2021,23700,20000,17300,8.6,80.7,24.8
"PT15",2022,30200,25300,19500,6,80.8,25.3
"PT15",2023,33400,27500,21600,5.7,80.9,25.3
"PT15",2024,35600,29300,NA,5.8,81.5,26.5
"PT19",2008,17300,14200,11500,NA,NA,NA
"PT19",2009,16900,14100,11400,NA,NA,NA
"PT19",2010,17500,14400,11500,NA,NA,NA
"PT19",2011,16900,14200,11300,NA,NA,NA
"PT19",2012,16800,13800,11300,NA,NA,NA
"PT19",2013,17400,14100,11600,NA,NA,NA
"PT19",2014,17800,14400,11400,NA,81.8,NA
"PT19",2015,18700,15200,12100,NA,82,NA
"PT19",2016,19300,15800,12500,NA,81.9,NA
"PT19",2017,19800,16600,12600,NA,82,NA
"PT19",2018,20800,17500,13200,NA,82.3,NA
"PT19",2019,21500,18200,13800,4.9,82.4,26.3
"PT19",2020,20700,17600,13100,5.6,82.1,28
"PT19",2021,22100,18800,14200,5.4,81.9,29.6
"PT19",2022,24400,20400,15300,4.7,82.1,30.6
"PT19",2023,26900,22100,16800,5.4,82.7,29.2
"PT19",2024,28200,23200,NA,5.8,83,29.4
"PT1A",2008,34800,28500,16900,NA,NA,NA
"PT1A",2009,33600,27900,16500,NA,NA,NA
"PT1A",2010,34600,28500,16900,NA,NA,NA
"PT1A",2011,33500,28000,16300,NA,NA,NA
"PT1A",2012,32200,26400,15900,NA,NA,NA
"PT1A",2013,32900,26600,16000,NA,NA,NA
"PT1A",2014,33100,26700,15500,NA,81.4,NA
"PT1A",2015,33500,27200,15700,NA,81.4,NA
"PT1A",2016,34100,28000,15800,NA,81.6,NA
"PT1A",2017,34900,29200,15900,NA,81.9,NA
"PT1A",2018,36300,30500,16600,NA,81.6,NA
"PT1A",2019,37800,32000,17400,6.7,82.1,38.4
"PT1A",2020,34800,29600,16700,8.1,81.4,40.5
"PT1A",2021,37300,31600,17800,6.8,80.9,41.8
"PT1A",2022,43300,36300,19500,6.8,81.9,41.5
"PT1A",2023,48800,40100,21600,6.7,82.5,42.4
"PT1A",2024,51500,42300,NA,6.5,82.9,43.7
"PT1B",2008,15800,13000,13300,NA,NA,NA
"PT1B",2009,15200,12600,13300,NA,NA,NA
"PT1B",2010,15600,12900,13500,NA,NA,NA
"PT1B",2011,14700,12300,12800,NA,NA,NA
"PT1B",2012,14000,11400,12400,NA,NA,NA
"PT1B",2013,14300,11500,12400,NA,NA,NA
"PT1B",2014,14400,11600,12100,NA,80.9,NA
"PT1B",2015,14700,12000,12400,NA,80.7,NA
"PT1B",2016,15000,12400,12700,NA,80.6,NA
"PT1B",2017,15600,13100,12900,NA,80.9,NA
"PT1B",2018,16500,13900,13700,NA,80.8,NA
"PT1B",2019,17200,14500,14300,8.3,81.3,28.4
"PT1B",2020,16100,13700,13500,7.7,80.7,27.9
"PT1B",2021,17400,14700,14700,8.7,80.3,30.7
"PT1B",2022,19200,16100,15900,9.7,80.9,32.4
"PT1B",2023,20900,17100,17500,8.4,81.2,33.8
"PT1B",2024,22100,18200,NA,8,81.5,35.1
"PT1C",2008,18900,15500,12400,NA,NA,NA
"PT1C",2009,17900,14900,12600,NA,NA,NA
"PT1C",2010,19200,15800,12500,NA,NA,NA
"PT1C",2011,18600,15600,12200,NA,NA,NA
"PT1C",2012,18300,15000,11900,NA,NA,NA
"PT1C",2013,18500,15000,12100,NA,NA,NA
"PT1C",2014,19000,15400,12100,NA,80.9,NA
"PT1C",2015,20800,16900,12600,NA,80.1,NA
"PT1C",2016,20800,17100,13000,NA,80.7,NA
"PT1C",2017,22200,18600,13000,NA,80.8,NA
"PT1C",2018,22500,18900,13800,NA,81,NA
"PT1C",2019,22600,19100,14500,7.2,80.5,18.7
"PT1C",2020,20400,17300,13900,6.1,80.4,20.5
"PT1C",2021,23300,19700,15000,6.8,80.2,21.4
"PT1C",2022,26500,22200,16300,4.9,79.9,22.3
"PT1C",2023,29600,24300,18400,6,80.8,21.1
"PT1C",2024,30800,25300,NA,5.8,80.9,23.5
"PT1D",2008,17400,14300,12000,NA,NA,NA
"PT1D",2009,17000,14100,12100,NA,NA,NA
"PT1D",2010,17200,14200,12200,NA,NA,NA
"PT1D",2011,16400,13700,11900,NA,NA,NA
"PT1D",2012,16100,13200,11700,NA,NA,NA
"PT1D",2013,16700,13500,11800,NA,NA,NA
"PT1D",2014,17000,13800,11800,NA,81.2,NA
"PT1D",2015,17600,14300,12400,NA,81.1,NA
"PT1D",2016,18300,15000,12800,NA,81,NA
"PT1D",2017,18800,15700,12800,NA,81.4,NA
"PT1D",2018,19300,16300,13300,NA,81.3,NA
"PT1D",2019,20100,17000,14100,5.2,82,21.5
"PT1D",2020,19100,16300,13400,5.6,81.3,20.5
"PT1D",2021,20000,16900,14300,6,80.9,21.5
"PT1D",2022,21400,17900,15300,5.5,81.3,22.7
"PT1D",2023,24600,20200,16800,5.4,82,24.2
"PT1D",2024,25800,21200,NA,6.7,82.4,25.1
"RO11",2008,NA,NA,NA,3.8,73,12.1
"RO11",2009,NA,NA,NA,5.6,73,12.1
"RO11",2010,NA,NA,NA,6.5,73.5,12.6
"RO11",2011,NA,NA,NA,5.1,74.1,13
"RO11",2012,12700,6000,6800,4.6,74.1,13.7
"RO11",2013,12300,6200,6700,4.1,74.8,14.2
"RO11",2014,13000,6700,7000,3.8,74.8,14.2
"RO11",2015,13700,7100,7400,4.6,74.4,17.4
"RO11",2016,14900,7600,8400,4.3,75.2,17.4
"RO11",2017,17300,8900,9500,3.6,75.1,17.1
"RO11",2018,18300,9600,10100,2.9,75.1,17.7
"RO11",2019,20100,10700,11700,3,75.6,18.9
"RO11",2020,20500,10700,12000,3.8,74,20.1
"RO11",2021,22200,11700,12700,3.1,72.8,19.3
"RO11",2022,23700,13500,13400,3.1,75.3,18.2
"RO11",2023,26500,15600,14800,3,76.5,17.2
"RO11",2024,28300,17100,NA,4.5,76.6,18.3
"RO12",2008,NA,NA,NA,8.5,73.7,11.4
"RO12",2009,NA,NA,NA,10.7,73.9,11.8
"RO12",2010,NA,NA,NA,10.3,74.4,11.2
"RO12",2011,NA,NA,NA,10.8,74.8,12.4
"RO12",2012,14100,6700,7000,9.5,75,13.1
"RO12",2013,13300,6700,7000,9.5,75.7,14.3
"RO12",2014,13800,7100,7100,9.2,75.4,14.6
"RO12",2015,14600,7600,7600,7.4,75.3,17.8
"RO12",2016,15800,8100,8600,5.2,75.7,17.5
"RO12",2017,17600,9000,9400,4.2,75.8,17.9
"RO12",2018,19100,10100,10100,4.2,75.7,18.1
"RO12",2019,20400,10800,11500,5.3,76,18.3
"RO12",2020,20700,10800,11900,7.1,74.3,17.1
"RO12",2021,22500,11800,12500,5.1,73.3,16.4
"RO12",2022,23400,13300,13300,5.4,75.5,18.9
"RO12",2023,26800,15700,14900,4.6,76.9,18.1
"RO12",2024,28400,17100,NA,4.3,77,18.2
"RO21",2008,NA,NA,NA,4.5,73.4,11.1
"RO21",2009,NA,NA,NA,6,73.4,11.2
"RO21",2010,NA,NA,NA,5.5,73.3,11.6
"RO21",2011,NA,NA,NA,4.7,74.3,12.2
"RO21",2012,9100,4300,5700,4.2,73.8,12.6
"RO21",2013,8800,4500,5300,4.4,74.6,11.9
"RO21",2014,9100,4700,5400,4.2,74.2,12
"RO21",2015,9500,4900,5700,3.6,74.2,11.6
"RO21",2016,10200,5200,6400,3,74.4,11.5
"RO21",2017,11600,6000,7100,2.9,74.4,12.1
"RO21",2018,12600,6600,7600,2.4,74,12.7
"RO21",2019,13800,7300,9000,2.1,74.6,11.7
"RO21",2020,14200,7400,9400,3,73.2,11.8
"RO21",2021,15000,7900,10000,6.8,72,12.3
"RO21",2022,15400,8800,10200,6.6,74.5,14
"RO21",2023,17900,10500,11600,5.9,75.4,13.6
"RO21",2024,19300,11600,NA,4.9,75.5,13.3
"RO22",2008,NA,NA,NA,7.2,73.1,9.4
"RO22",2009,NA,NA,NA,7.5,73.4,10
"RO22",2010,NA,NA,NA,8.2,73.4,10.3
"RO22",2011,NA,NA,NA,9.6,74.1,11.4
"RO22",2012,12600,6000,6400,9.4,73.8,12.3
"RO22",2013,12800,6400,6500,9.5,74.5,12.4
"RO22",2014,13300,6800,6500,10.4,74.1,12
"RO22",2015,13300,6900,6800,9,74.5,12.9
"RO22",2016,13900,7100,7400,7.7,74.3,12.9
"RO22",2017,15200,7800,8300,6.5,74.6,12.7
"RO22",2018,16500,8700,8900,6.1,74.4,13.1
"RO22",2019,17400,9200,10200,6.4,74.3,13.8
"RO22",2020,17100,8900,10000,7.4,73.6,13.1
"RO22",2021,19300,10200,11000,6,72.1,12.9
"RO22",2022,20300,11600,11100,7.3,74.4,14
"RO22",2023,22100,13000,12500,9.1,75.6,13.7
"RO22",2024,23600,14200,NA,9.9,75.7,14.5
"RO31",2008,NA,NA,NA,6.8,73.1,8.6
"RO31",2009,NA,NA,NA,8,73.2,9.1
"RO31",2010,NA,NA,NA,7.8,73.6,9.9
"RO31",2011,NA,NA,NA,10,74.3,10.7
"RO31",2012,11300,5400,6200,9.5,74.5,11.2
"RO31",2013,11300,5700,6100,9.5,75.1,11.4
"RO31",2014,12600,6400,6100,9,74.9,11.4
"RO31",2015,12400,6400,6500,10.3,75,12.8
"RO31",2016,13300,6800,7100,8.9,75,13.3
"RO31",2017,14300,7300,8000,6.8,75.1,13.1
"RO31",2018,15600,8200,8500,5.5,75.3,12.7
"RO31",2019,16400,8700,9800,4.7,75.4,12.9
"RO31",2020,16400,8600,9900,5.9,73.7,13.1
"RO31",2021,18100,9500,10500,7.7,72.4,13.9
"RO31",2022,20000,11400,11000,7.9,74.6,13.7
"RO31",2023,20600,12100,12000,7.8,76,12.6
"RO31",2024,21800,13200,NA,7.3,76.3,13.4
"RO32",2008,NA,NA,NA,3.4,75.1,27.7
"RO32",2009,NA,NA,NA,4,75.5,27.7
"RO32",2010,NA,NA,NA,4.7,75.7,28.3
"RO32",2011,NA,NA,NA,5.6,76.1,31
"RO32",2012,34200,16200,11300,6.5,76,31.9
"RO32",2013,33300,16800,12200,8,76.6,33.1
"RO32",2014,33900,17300,12400,7.2,76.6,35
"RO32",2015,37100,19300,13800,5.3,76.5,33.6
"RO32",2016,38800,19900,15900,4.7,76.6,35.1
"RO32",2017,42900,22000,17900,4.3,76.7,36.1
"RO32",2018,45100,23800,18200,3.6,76.8,37.5
"RO32",2019,50100,26500,21200,2.5,77.2,40.3
"RO32",2020,50200,26200,21400,4.7,75.4,40.5
"RO32",2021,56000,29500,23000,3.5,73.9,41.1
"RO32",2022,63000,35900,25200,2.7,76.5,42.2
"RO32",2023,69400,40800,28500,2.8,77.6,39.4
"RO32",2024,75000,45200,NA,2.2,77.8,40.3
"RO41",2008,NA,NA,NA,6.5,73.1,12.8
"RO41",2009,NA,NA,NA,6.8,73.3,13
"RO41",2010,NA,NA,NA,7.3,73.7,12.6
"RO41",2011,NA,NA,NA,6.6,74.5,13.1
"RO41",2012,11100,5200,6100,6.1,74.4,13.7
"RO41",2013,10500,5300,5900,7,75.1,14.3
"RO41",2014,10600,5400,5900,6.5,74.8,15.1
"RO41",2015,11300,5900,6200,10.1,74.8,16.7
"RO41",2016,11900,6100,6800,9.9,75.6,16.8
"RO41",2017,13800,7100,7800,7.7,75.4,16.1
"RO41",2018,15500,8200,8500,6.4,76.1,14.7
"RO41",2019,16900,9000,10000,5.3,76.2,15.4
"RO41",2020,16800,8800,10200,5,74.9,16.7
"RO41",2021,18200,9600,10500,9.2,73.4,17.4
"RO41",2022,20600,11700,10800,8.8,75.4,17.6
"RO41",2023,22600,13300,12200,8.9,76.9,16.5
"RO41",2024,24000,14500,NA,7.7,76.9,16.4
"RO42",2008,NA,NA,NA,5.7,73.1,12.8
"RO42",2009,NA,NA,NA,6,73.1,14.3
"RO42",2010,NA,NA,NA,6,73.3,14
"RO42",2011,NA,NA,NA,5.7,74.1,14.5
"RO42",2012,15900,7500,8300,5.1,74.3,15.1
"RO42",2013,14800,7400,8400,5.2,74.8,14.2
"RO42",2014,15100,7700,8300,4.8,74.5,13.5
"RO42",2015,16300,8500,8900,5.4,74.4,16.1
"RO42",2016,17700,9100,10000,4.9,75,15.5
"RO42",2017,19200,9900,10700,4.4,74.7,16
"RO42",2018,20400,10800,11200,3.6,75.4,15.7
"RO42",2019,22300,11800,13000,3.4,75.6,16.3
"RO42",2020,21900,11400,12800,4.6,74,17
"RO42",2021,24100,12700,13800,3.5,72.5,16.3
"RO42",2022,26000,14800,14600,3.7,75,18.3
"RO42",2023,29400,17300,16000,2.8,76.4,19.4
"RO42",2024,31300,18900,NA,3.3,76.4,20.4
"SE11",2008,44900,52900,17600,5.2,81.7,40.4
"SE11",2009,43800,48700,17500,6.8,82.1,41.9
"SE11",2010,44100,55100,17800,7.2,82,42.3
"SE11",2011,45900,60400,18300,6.6,82.3,43.7
"SE11",2012,46300,62400,19200,6.8,82.4,44.4
"SE11",2013,46100,63500,19200,6.9,82.8,45.7
"SE11",2014,46900,62800,19100,7.1,82.7,47.6
"SE11",2015,49200,64800,19300,7,82.7,48.7
"SE11",2016,48500,65000,19300,6.5,82.9,50.4
"SE11",2017,47900,64100,19300,6.3,83.1,51
"SE11",2018,49200,62600,19700,5.6,83,52.3
"SE11",2019,51000,63600,20500,6.1,83.8,53
"SE11",2020,50900,64100,20400,7.6,82.4,53.7
"SE11",2021,54400,70300,21600,8.3,83.9,56.1
"SE11",2022,55500,70600,23500,7,83.9,57.4
"SE11",2023,57800,68700,24200,6.9,84.2,58.8
"SE11",2024,61100,72300,NA,8.3,85,59.6
"SE12",2008,27900,32800,14700,6.9,81.2,29.4
"SE12",2009,25700,28600,14600,9.3,81.2,30.3
"SE12",2010,27300,34200,14900,9.7,81.8,30.7
"SE12",2011,28500,37400,15500,8.4,81.8,31.5
"SE12",2012,29100,39200,16200,8.6,81.7,33.1
"SE12",2013,28900,39800,16000,8.8,81.8,35.1
"SE12",2014,28800,38500,16100,8.3,82.3,36.6
"SE12",2015,29900,39300,16300,7.9,82.3,36.8
"SE12",2016,30100,40400,16100,7.7,82.3,38
"SE12",2017,30800,41200,16200,7.6,82.3,39.2
"SE12",2018,31200,39700,16500,7.2,82.5,40.1
"SE12",2019,31500,39300,16700,7.3,82.9,42.1
"SE12",2020,31400,39600,16500,9.4,82.3,42.8
"SE12",2021,33800,43700,17400,9.8,82.9,44.6
"SE12",2022,35100,44700,18700,9.5,82.8,45.4
"SE12",2023,36700,43600,19300,9.1,83.1,45.7
"SE12",2024,38600,45700,NA,9.6,83.7,46.4
"SE21",2008,28800,33900,14500,5,81.6,26.3
"SE21",2009,25200,28100,14300,8.1,81.8,26.3
"SE21",2010,27000,33700,14700,7.9,81.8,26.3
"SE21",2011,28400,37300,15400,7.1,81.9,27.5
"SE21",2012,28500,38300,16000,7.4,81.9,28.4
"SE21",2013,28500,39200,15800,7.1,82.2,29.2
"SE21",2014,28600,38300,16000,6.7,82.6,31.2
"SE21",2015,29700,39100,16100,6,82.4,32.9
"SE21",2016,30100,40400,16000,6.2,82.6,34
"SE21",2017,31000,41400,16200,5.5,82.6,33.8
"SE21",2018,30900,39400,16400,5.7,82.7,36.2
"SE21",2019,31200,38900,16400,6.3,83.5,37.5
"SE21",2020,31000,39100,16100,7.7,82.6,37.2
"SE21",2021,34200,44200,17200,7.6,83.4,37.6
"SE21",2022,35000,44500,18400,6.2,83.4,40.3
"SE21",2023,36300,43100,19100,6.9,83.5,42.7
"SE21",2024,37200,44100,NA,7.2,84,43.1
"SE22",2008,28600,33600,15200,7.4,81.3,33.6
"SE22",2009,26400,29400,15200,8.7,81.7,34.9
"SE22",2010,27600,34500,15300,8.8,81.7,35.9
"SE22",2011,28200,37100,15900,9.2,82.1,36.3
"SE22",2012,28600,38500,16500,9.4,81.6,36.6
"SE22",2013,28600,39400,16400,9.9,82,37.9
"SE22",2014,29100,38900,16500,10,82.2,38.9
"SE22",2015,30100,39600,16600,9.5,82.3,40.9
"SE22",2016,29400,39400,16500,8.4,82.3,42.8
"SE22",2017,30000,40200,16600,8.4,82.4,44.4
"SE22",2018,30600,39000,16800,8.6,82.5,45.3
"SE22",2019,31700,39500,17000,8.9,83,45.6
"SE22",2020,32000,40200,16900,10.5,82.6,45.4
"SE22",2021,34000,43900,17900,11.3,82.8,47.5
"SE22",2022,34500,43900,19200,9.3,82.7,49.2
"SE22",2023,35900,42700,19800,9.4,82.9,50
"SE22",2024,38300,45300,NA,9.7,83.7,52.4
"SE23",2008,31600,37200,15300,6.1,81.3,31
"SE23",2009,28900,32200,15200,8.6,81.7,31.8
"SE23",2010,30300,37800,15400,8.7,81.7,33
"SE23",2011,31700,41700,16200,7.4,82,34.1
"SE23",2012,31900,42900,16900,7.7,82,35.4
"SE23",2013,31900,44000,16700,8,82.1,36.5
"SE23",2014,32200,43100,16900,7.6,82.3,38.8
"SE23",2015,34400,45300,17000,6.6,82.4,39.2
"SE23",2016,34400,46200,17000,6.5,82.3,40
"SE23",2017,34800,46500,17100,6,82.5,40.6
"SE23",2018,35000,44600,17400,5.6,82.6,42.2
"SE23",2019,35900,44800,17700,6.1,83,42.3
"SE23",2020,34900,43900,17400,7.6,82.7,43.4
"SE23",2021,37800,48800,18500,8.5,83,45.6
"SE23",2022,39800,50500,19800,6.4,83.2,48.8
"SE23",2023,42300,50300,20500,7.4,83.3,48.5
"SE23",2024,42700,50600,NA,8.4,83.7,49.7
"SE31",2008,26300,30900,14300,6.6,80.7,23.5
"SE31",2009,23900,26600,14300,9.4,80.6,25.3
"SE31",2010,25800,32300,14500,9,81.1,26.4
"SE31",2011,26600,35000,15200,8.8,81.5,27.3
"SE31",2012,27200,36600,15800,8.6,81.1,27.3
"SE31",2013,27000,37100,15600,8.8,81.6,27.4
"SE31",2014,27000,36100,15800,8.6,81.5,28.3
"SE31",2015,27600,36300,15900,7.9,81.2,30.6
"SE31",2016,27700,37200,15700,7.5,81.7,32.6
"SE31",2017,28200,37700,15900,6.9,82,33.3
"SE31",2018,29000,37000,16200,6.4,82.1,33.9
"SE31",2019,29900,37200,16300,7.3,82.6,33.6
"SE31",2020,29400,37100,16100,7.9,82.2,35.3
"SE31",2021,31500,40600,17100,9.8,82.4,35.4
"SE31",2022,32600,41500,18300,7.7,82.6,38.3
"SE31",2023,32600,38700,18900,7.3,82.7,40.5
"SE31",2024,33900,40100,NA,7.2,83.3,42.2
"SE32",2008,28600,33700,14300,7.1,80.7,28.3
"SE32",2009,27200,30200,14300,8.9,80.6,29.1
"SE32",2010,29600,37100,14500,10.3,80.7,29.7
"SE32",2011,29500,38800,15200,8.8,80.7,29.3
"SE32",2012,29600,39800,15900,8.4,81.2,28.9
"SE32",2013,29200,40200,15700,7.2,80.9,30.5
"SE32",2014,29200,39100,16000,7.4,81.1,31.1
"SE32",2015,29700,39100,16100,7.1,80.9,32
"SE32",2016,29300,39300,15800,6.8,81.7,33
"SE32",2017,29900,40100,16000,6.2,81.4,33.7
"SE32",2018,30600,39000,16200,5.5,82,36.4
"SE32",2019,31500,39200,16300,6.7,82,37.3
"SE32",2020,30700,38700,16300,7.6,81.4,37
"SE32",2021,34200,44200,17300,6.3,82.1,40.1
"SE32",2022,36300,46100,18300,6.6,82.1,42.9
"SE32",2023,36400,43300,19100,6.5,82.2,41
"SE32",2024,39700,47000,NA,7.6,82.8,39.2
"SE33",2008,30900,36400,14300,6.6,80.6,30.1
"SE33",2009,27000,30000,14200,8.9,81.1,30
"SE33",2010,31800,39800,14600,9.5,81.1,31.5
"SE33",2011,33000,43400,15300,8,81.1,33.1
"SE33",2012,32600,43900,16000,7.7,81,33.9
"SE33",2013,31800,43800,15900,7.2,81.1,35.4
"SE33",2014,31200,41800,16100,7.4,81.4,37
"SE33",2015,31700,41700,16200,7.2,81.3,37.3
"SE33",2016,31700,42500,16000,5.8,81.7,37.6
"SE33",2017,33700,45000,16100,5.9,81.8,38.2
"SE33",2018,34400,43900,16400,5.4,81.6,39.5
"SE33",2019,36400,45300,16600,6.1,82.1,39.7
"SE33",2020,35500,44700,16700,6.2,82.1,40
"SE33",2021,42000,54300,17800,6.2,82.2,43
"SE33",2022,42700,54200,18800,5.2,82.2,43.8
"SE33",2023,41900,49800,19600,5.7,82.2,47
"SE33",2024,43100,51000,NA,5.2,82.7,47.9
"SI03",2008,18700,15200,11500,NA,78.1,NA
"SI03",2009,16600,14200,10700,NA,78.4,NA
"SI03",2010,16900,14200,10900,7.8,78.9,19.5
"SI03",2011,17500,14600,11300,9.2,79,21.2
"SI03",2012,17400,14300,11100,9.9,79.4,22.3
"SI03",2013,17500,14300,11200,11.4,79.5,23.6
"SI03",2014,18000,14800,11300,11.1,80,24.8
"SI03",2015,18500,15300,11600,10.3,79.6,26
"SI03",2016,19100,15900,12000,8.9,80,26.8
"SI03",2017,20300,16900,12600,6.8,80.1,28.2
"SI03",2018,21300,17900,13400,5.5,80.3,27.9
"SI03",2019,22500,18900,14200,4.9,80.5,28.5
"SI03",2020,21800,18200,14800,5.5,79.5,30.8
"SI03",2021,23700,20000,15800,5,79.6,35.3
"SI03",2022,26200,21900,17100,4.2,80.5,35.7
"SI03",2023,28000,24100,18100,3.8,81,30
"SI03",2024,28800,25300,18700,4.1,81.3,30.9
"SI04",2008,27800,22700,13100,NA,80.4,NA
"SI04",2009,25200,21500,12000,NA,80.5,NA
"SI04",2010,25500,21500,12200,6.6,81,28.7
"SI04",2011,25900,21700,12500,7,81.6,29.7
"SI04",2012,25700,21100,12100,7.6,81.4,31.3
"SI04",2013,25800,21100,12000,8.7,81.7,32.9
"SI04",2014,26400,21800,11900,8.2,82,33.1
"SI04",2015,27100,22400,12100,7.5,81.9,35
"SI04",2016,28100,23300,12500,7.1,82.2,35.3
"SI04",2017,30000,24900,13200,6.4,82,37.5
"SI04",2018,31600,26500,13800,4.8,82.3,37.7
"SI04",2019,33100,27700,14700,4,82.4,38.7
"SI04",2020,32100,26700,15100,4.4,81.8,41.6
"SI04",2021,35400,29800,16200,4.5,81.9,46
"SI04",2022,39100,32600,17500,3.8,82.1,45.1
"SI04",2023,42900,36900,18600,3.5,82.8,38.2
"SI04",2024,44100,38700,19500,3.3,83.2,38.8
"SK01",2008,43600,29100,14400,3.4,76.8,29.2
"SK01",2009,43800,29900,13700,4.6,77.1,31.9
"SK01",2010,47700,31600,15900,6.2,77,33.6
"SK01",2011,49900,33900,17100,5.8,77.8,37.9
"SK01",2012,49700,33900,17500,5.7,78,37.4
"SK01",2013,51600,35100,17700,6.4,78.1,37.5
"SK01",2014,51700,35000,18100,6,78.6,39
"SK01",2015,53900,36900,18700,5.7,78.4,37.5
"SK01",2016,51600,37400,17500,5.1,78.8,39
"SK01",2017,50800,38200,17700,4.2,78.6,42.7
"SK01",2018,51300,39800,18100,2.9,78.7,43.8
"SK01",2019,51400,40300,18100,2.4,79.2,45.5
"SK01",2020,51700,39600,19900,3.4,78.7,45.6
"SK01",2021,52600,40300,19800,2.6,77.2,46.7
"SK01",2022,53700,42400,20100,2.3,79.1,47
"SK01",2023,58000,46100,22200,2.3,80.3,51.2
"SK01",2024,61000,48800,NA,2.3,80.6,52.6
"SK02",2008,17300,11500,8900,6.4,75,12.1
"SK02",2009,15800,10800,9300,9.9,75.3,13
"SK02",2010,17300,11500,9600,12.7,75.8,13.9
"SK02",2011,18300,12400,9700,10.7,76.1,15.3
"SK02",2012,18800,12800,9600,11.3,76.4,15.9
"SK02",2013,18700,12700,9800,11.7,76.8,16.6
"SK02",2014,19300,13100,9900,11,76.9,16.4
"SK02",2015,19500,13300,10400,9.7,76.8,17.9
"SK02",2016,18800,13600,9700,7.7,77.2,19.7
"SK02",2017,18600,14000,9600,5.5,77.2,20.7
"SK02",2018,19100,14800,10300,4.3,77.3,20.6
"SK02",2019,20400,16000,10700,4,78,22.2
"SK02",2020,20900,16000,11500,4.7,77,22.4
"SK02",2021,21900,16800,12100,4.7,74.7,23.6
"SK02",2022,22800,18000,12500,4.1,77,24.8
"SK02",2023,26600,21100,14200,3.6,78.2,24.2
"SK02",2024,28000,22400,NA,3.3,78.4,24.6
"SK03",2008,14700,9800,8700,13.1,74.4,13.8
"SK03",2009,13800,9400,8800,14.6,74.8,15.1
"SK03",2010,15500,10300,9300,16.5,75.1,17.1
"SK03",2011,15200,10300,9300,15.9,75.8,17.1
"SK03",2012,15700,10700,9400,16.2,75.8,17.6
"SK03",2013,15900,10800,9700,16.8,76.2,18.8
"SK03",2014,16500,11200,10000,16,76.7,17.8
"SK03",2015,17400,11900,10500,12.8,76.3,19.4
"SK03",2016,16500,11900,9800,10.8,76.9,20
"SK03",2017,16500,12400,9500,9.4,77,20.3
"SK03",2018,17100,13300,10600,7.5,77,21.6
"SK03",2019,18000,14100,10900,6.1,77.1,23.2
"SK03",2020,18000,13800,11600,6.7,76.7,23.7
"SK03",2021,20500,15700,12700,7.5,74.4,24.5
"SK03",2022,21700,17100,13300,6.6,76.7,26.6
"SK03",2023,23600,18700,14800,5.9,77.6,26.5
"SK03",2024,24700,19800,NA,5.1,78,26.9
"SK04",2008,12800,8500,7700,13.2,74.7,12.7
"SK04",2009,11700,8000,8000,15.9,75.1,12.7
"SK04",2010,12900,8600,8700,18.5,75.2,14.6
"SK04",2011,13100,8900,8500,18.7,75.7,16.1
"SK04",2012,13600,9300,8900,19,75.9,16.3
"SK04",2013,13800,9400,8900,18.5,76.2,17.5
"SK04",2014,14400,9700,9100,16.6,76.6,19.7
"SK04",2015,15200,10400,9600,15,76.2,19.7
"SK04",2016,14300,10400,9000,13.2,77.1,19.3
"SK04",2017,14800,11100,8800,12,77.1,20.1
"SK04",2018,15400,11900,9400,10.1,77.1,23.6
"SK04",2019,15500,12200,9500,9.1,77.5,23.8
"SK04",2020,16100,12300,10300,10.6,76.6,26.6
"SK04",2021,17900,13700,11300,10.9,73.9,27.7
"SK04",2022,18800,14800,11900,10.2,76.4,28.2
"SK04",2023,20900,16600,13500,10.4,77.7,25.4
"SK04",2024,21400,17100,NA,9.6,78.2,24.7
